ppt,block,trial,lcol,rcol,sim,rt
1,1,1,4,7,4,8.587
1,1,2,4,6,6,0.896
1,1,3,1,3,8,1.66
1,1,4,1,7,3,1.055
1,1,5,3,7,8,1.807
1,1,6,3,1,8,1.818
1,1,7,2,5,2,1.119
1,1,8,5,8,2,0.774
1,1,9,3,5,8,1.384
1,1,10,5,7,9,1.199
1,1,11,3,8,2,1.418
1,1,12,5,6,9,0.978
1,1,13,2,3,8,1.758
1,1,14,5,2,2,1.465
1,1,15,7,5,9,0.903
1,1,16,6,3,7,7.045
1,1,17,6,2,2,0.748
1,1,18,4,8,2,2.303
1,1,19,7,3,2,0.899
1,1,20,6,5,9,1.106
1,1,21,5,3,7,1.528
1,1,22,4,2,9,1.337
1,1,23,2,1,1,1.915
1,1,24,7,1,1,1.135
1,1,25,2,7,1,1.182
1,1,26,3,4,9,1.292
1,1,27,7,2,1,0.868
1,1,28,4,3,9,1.039
1,1,29,6,1,6,2.223
1,1,30,2,8,1,1.429
1,1,31,8,5,6,1.323
1,1,32,2,4,9,1.475
1,1,33,6,4,7,0.981
1,1,34,5,4,2,2.726
1,1,35,8,2,1,0.916
1,1,36,1,6,5,3.708
1,1,37,5,1,2,4.366
1,1,38,7,8,9,1.87
1,1,39,4,1,9,1.476
1,1,40,3,6,7,0.747
1,1,41,8,3,1,0.946
1,1,42,8,4,2,1.148
1,1,43,7,4,2,1.321
1,1,44,3,2,3,1.241
1,1,45,1,4,6,2.614
1,1,46,6,7,8,5.796
1,1,47,2,6,2,1.288
1,1,48,8,7,9,2.239
1,1,49,4,5,1,1.371
1,1,50,7,6,7,2.753
1,1,51,8,1,4,2.862
1,1,52,1,2,4,2.412
1,1,53,8,6,9,1.323
1,1,54,6,8,8,2.176
1,1,55,1,8,1,1.412
1,1,56,1,5,5,0.913
1,2,1,2,4,1,2.108
1,2,2,6,3,2,1.662
1,2,3,2,5,1,2.463
1,2,4,8,2,1,1.303
1,2,5,4,2,9,2.004
1,2,6,1,7,7,1.837
1,2,7,1,6,6,4.491
1,2,8,1,3,9,0.903
1,2,9,8,7,6,0.979
1,2,10,5,1,2,1.683
1,2,11,8,4,3,2.878
1,2,12,7,6,6,2.163
1,2,13,7,5,8,0.982
1,2,14,6,7,8,1.586
1,2,15,2,1,4,2.524
1,2,16,8,3,5,1.808
1,2,17,2,7,1,1.854
1,2,18,6,2,1,2.134
1,2,19,6,4,1,0.851
1,2,20,3,5,5,1.446
1,2,21,1,4,4,1.741
1,2,22,3,8,3,4.657
1,2,23,2,8,1,1.371
1,2,24,4,7,1,1.602
1,2,25,2,6,1,0.79
1,2,26,6,8,9,2.273
1,2,27,5,8,6,3.691
1,2,28,6,1,4,1.756
1,2,29,4,5,3,2.413
1,2,30,5,3,7,2.557
1,2,31,3,4,8,1.245
1,2,32,7,2,1,1.385
1,2,33,6,5,9,1.507
1,2,34,1,8,1,1.848
1,2,35,5,6,5,1.354
1,2,36,5,2,1,2.009
1,2,37,4,3,8,1.792
1,2,38,5,4,3,4.32
1,2,39,8,1,2,7.436
1,2,40,7,3,4,4.657
1,2,41,3,1,9,1.729
1,2,42,1,2,6,2.495
1,2,43,3,6,5,0.995
1,2,44,5,7,9,1.309
1,2,45,7,1,1,2.819
1,2,46,4,6,4,3.191
1,2,47,3,2,3,0.748
1,2,48,2,3,3,0.82
1,2,49,4,8,4,1.196
1,2,50,1,5,5,2.258
1,2,51,7,4,4,0.899
1,2,52,3,7,4,0.806
1,2,53,8,6,7,0.932
1,2,54,7,8,6,2.209
1,2,55,8,5,7,1.371
1,2,56,4,1,7,1.163
10,1,1,2,4,6,2.787
10,1,2,3,8,8,1.881
10,1,3,5,6,8,0.838
10,1,4,3,2,4,1.292
10,1,5,4,6,5,1.352
10,1,6,1,4,5,1.413
10,1,7,6,4,5,1.214
10,1,8,5,7,8,3.553
10,1,9,7,4,6,27.449
10,1,10,4,2,8,6.139
10,1,11,8,2,5,1.588
10,1,12,1,8,7,1.243
10,1,13,4,1,7,1.215
10,1,14,2,6,2,1.57
10,1,15,6,5,8,1.231
10,1,16,8,4,8,1.278
10,1,17,4,7,5,4.07
10,1,18,4,8,4,7.279
10,1,19,3,5,7,1.231
10,1,20,2,8,2,1.336
10,1,21,7,1,8,1.132
10,1,22,5,2,2,1.247
10,1,23,8,1,7,0.944
10,1,24,1,5,7,1.505
10,1,25,2,3,3,1.604
10,1,26,6,2,3,0.993
10,1,27,2,5,3,0.539
10,1,28,8,3,7,1.181
10,1,29,7,2,3,1.241
10,1,30,8,6,8,1.213
10,1,31,1,6,3,1.15
10,1,32,3,7,8,1.257
10,1,33,3,6,4,0.981
10,1,34,1,7,7,1.228
10,1,35,7,6,7,1.166
10,1,36,1,3,7,0.791
10,1,37,7,3,6,1.382
10,1,38,4,3,5,1.54
10,1,39,8,5,8,1.433
10,1,40,4,5,4,1.384
10,1,41,6,1,8,1.492
10,1,42,7,5,8,2.272
10,1,43,2,7,3,2.756
10,1,44,3,1,8,1.073
10,1,45,6,8,8,1.711
10,1,46,1,2,3,1.074
10,1,47,5,8,8,0.976
10,1,48,8,7,8,0.822
10,1,49,7,8,8,0.716
10,1,50,5,1,7,2.177
10,1,51,3,4,3,1.147
10,1,52,6,7,7,0.947
10,1,53,5,3,7,0.732
10,1,54,5,4,3,1.32
10,1,55,2,1,5,1.49
10,1,56,6,3,8,1.137
10,2,1,5,2,5,2.635
10,2,2,8,3,8,1.028
10,2,3,6,3,6,1.661
10,2,4,5,3,8,1.072
10,2,5,5,8,8,1.757
10,2,6,6,1,6,2.99
10,2,7,4,8,4,1.698
10,2,8,2,8,3,2.459
10,2,9,6,8,8,1.257
10,2,10,3,5,8,1.105
10,2,11,7,5,8,0.793
10,2,12,2,3,2,1.292
10,2,13,2,6,2,1.118
10,2,14,4,1,3,1.132
10,2,15,5,4,4,1.089
10,2,16,7,2,2,2.134
10,2,17,4,2,6,2.401
10,2,18,1,3,9,1.012
10,2,19,3,8,7,3.009
10,2,20,1,8,7,1.278
10,2,21,3,4,5,1.037
10,2,22,3,7,9,1.245
10,2,23,3,1,9,1.134
10,2,24,5,6,7,1.615
10,2,25,6,5,6,1.68
10,2,26,6,4,3,1.075
10,2,27,7,8,8,1.028
10,2,28,8,5,5,2.535
10,2,29,3,6,7,1.739
10,2,30,7,3,5,1.229
10,2,31,7,1,7,1.184
10,2,32,5,1,7,1.07
10,2,33,6,2,2,3.971
10,2,34,7,4,5,2.847
10,2,35,4,7,4,1.371
10,2,36,2,5,3,0.928
10,2,37,4,5,3,0.838
10,2,38,8,4,7,1.382
10,2,39,1,6,8,1.106
10,2,40,8,6,9,1.478
10,2,41,4,3,6,1.367
10,2,42,1,2,2,1.147
10,2,43,2,1,4,1.213
10,2,44,3,2,2,1.134
10,2,45,1,7,9,0.949
10,2,46,2,4,3,0.868
10,2,47,2,7,3,1.073
10,2,48,8,1,8,1.475
10,2,49,4,6,2,1.021
10,2,50,1,4,3,0.979
10,2,51,5,7,8,1.059
10,2,52,7,6,7,1.009
10,2,53,6,7,7,0.841
10,2,54,8,2,2,1.745
10,2,55,8,7,8,1.068
10,2,56,1,5,8,0.763
11,1,1,2,8,4,7.198
11,1,2,7,2,4,1.539
11,1,3,4,6,6,1.948
11,1,4,5,8,7,3.02
11,1,5,3,6,6,1.838
11,1,6,8,6,7,1.526
11,1,7,4,2,4,4.441
11,1,8,7,3,7,1.742
11,1,9,8,2,4,1.724
11,1,10,3,7,7,1.246
11,1,11,1,5,7,1.06
11,1,12,5,6,8,1.496
11,1,13,7,1,4,4.051
11,1,14,3,1,7,1.948
11,1,15,7,4,4,2.629
11,1,16,8,7,7,1.587
11,1,17,2,5,4,1.85
11,1,18,3,8,6,1.648
11,1,19,8,1,6,3.006
11,1,20,1,7,5,2.916
11,1,21,2,6,5,1.37
11,1,22,4,7,6,1.635
11,1,23,6,4,5,1.492
11,1,24,2,3,4,4.223
11,1,25,2,1,6,2.338
11,1,26,5,1,7,1.664
11,1,27,5,3,7,1.34
11,1,28,1,2,4,1.761
11,1,29,6,7,7,1.728
11,1,30,8,3,7,2.242
11,1,31,6,5,7,1.416
11,1,32,4,8,5,3.756
11,1,33,1,6,6,1.928
11,1,34,6,2,4,3.522
11,1,35,3,2,4,4.283
11,1,36,1,3,9,2.489
11,1,37,7,8,8,1.371
11,1,38,1,8,4,1.945
11,1,39,4,1,6,1.366
11,1,40,1,4,7,1.913
11,1,41,4,3,6,5.739
11,1,42,5,2,4,2.678
11,1,43,6,3,7,3.274
11,1,44,7,6,8,1.317
11,1,45,4,5,5,1.522
11,1,46,3,5,8,1.213
11,1,47,8,5,9,1.666
11,1,48,5,4,4,1.867
11,1,49,6,1,6,2.257
11,1,50,8,4,4,1.116
11,1,51,5,7,9,1.272
11,1,52,2,4,8,1.896
11,1,53,7,5,8,2.337
11,1,54,3,4,8,1.043
11,1,55,2,7,4,1.303
11,1,56,6,8,9,2.413
11,2,1,6,3,6,3.925
11,2,2,2,7,4,2.072
11,2,3,3,7,7,2.101
11,2,4,8,5,8,1.257
11,2,5,8,7,8,1.38
11,2,6,2,5,3,1.571
11,2,7,5,8,8,1.224
11,2,8,1,8,5,2.988
11,2,9,7,4,5,1.837
11,2,10,7,6,7,2.925
11,2,11,7,2,4,1.354
11,2,12,3,5,8,1.867
11,2,13,7,1,7,2.566
11,2,14,7,3,7,1.262
11,2,15,3,1,8,1.136
11,2,16,6,2,4,2.243
11,2,17,1,4,4,5.109
11,2,18,2,3,6,1.729
11,2,19,1,6,7,1.693
11,2,20,8,6,8,1.338
11,2,21,4,1,7,2.616
11,2,22,7,5,8,1.1
11,2,23,8,2,4,1.304
11,2,24,5,6,8,2.131
11,2,25,2,4,8,1.588
11,2,26,4,2,8,0.977
11,2,27,1,5,6,2.539
11,2,28,8,1,6,0.849
11,2,29,5,2,4,2.462
11,2,30,6,1,6,1.976
11,2,31,3,6,6,1.24
11,2,32,8,4,4,1.554
11,2,33,4,8,4,0.915
11,2,34,7,8,8,1.506
11,2,35,1,2,4,1.538
11,2,36,5,1,6,2.223
11,2,37,2,8,4,3.554
11,2,38,3,4,7,1.942
11,2,39,3,8,7,1.288
11,2,40,8,3,7,0.931
11,2,41,6,5,8,1.415
11,2,42,4,7,3,1.34
11,2,43,2,1,6,1.32
11,2,44,5,7,8,1.382
11,2,45,1,3,9,3.772
11,2,46,4,6,7,3.834
11,2,47,4,3,8,1.633
11,2,48,5,3,8,1.724
11,2,49,4,5,5,1.978
11,2,50,6,7,6,1.944
11,2,51,1,7,7,1.414
11,2,52,6,4,6,1.464
11,2,53,2,6,4,2.07
11,2,54,5,4,4,1.34
11,2,55,6,8,8,2.961
11,2,56,3,2,6,3.16
12,1,1,7,5,4,10.511
12,1,2,6,2,1,5.859
12,1,3,4,7,1,6.748
12,1,4,4,2,6,4.071
12,1,5,6,1,1,6.408
12,1,6,8,5,5,10.883
12,1,7,5,6,4,4.77
12,1,8,5,2,1,4.097
12,1,9,1,3,8,5.252
12,1,10,8,2,1,10.073
12,1,11,3,7,6,6.765
12,1,12,2,4,7,2.958
12,1,13,4,5,5,3.883
12,1,14,2,5,1,4.252
12,1,15,2,6,1,4.552
12,1,16,7,3,5,3.975
12,1,17,4,1,7,3.8
12,1,18,5,8,7,3.18
12,1,19,1,4,6,5.19
12,1,20,3,8,2,6.018
12,1,21,6,4,2,3.005
12,1,22,6,3,4,2.711
12,1,23,7,1,5,2.946
12,1,24,8,6,6,3.268
12,1,25,6,8,8,2.397
12,1,26,7,4,2,3.194
12,1,27,2,3,6,2.554
12,1,28,8,4,1,3.695
12,1,29,1,2,5,3.723
12,1,30,4,3,7,3.959
12,1,31,1,6,6,2.119
12,1,32,2,7,1,1.867
12,1,33,7,8,3,3.115
12,1,34,2,1,4,2.505
12,1,35,4,8,1,5.158
12,1,36,4,6,2,4.599
12,1,37,5,1,6,1.963
12,1,38,3,1,9,1.729
12,1,39,7,2,1,2.915
12,1,40,8,1,6,3.836
12,1,41,3,5,8,1.603
12,1,42,6,7,8,2.433
12,1,43,5,3,7,3.098
12,1,44,1,5,7,1.401
12,1,45,6,5,5,2.942
12,1,46,3,4,9,3.242
12,1,47,3,6,5,2.178
12,1,48,1,7,8,1.726
12,1,49,5,4,3,3.346
12,1,50,5,7,9,1.881
12,1,51,8,7,5,2.164
12,1,52,3,2,6,1.772
12,1,53,1,8,4,2.381
12,1,54,2,8,3,2.241
12,1,55,8,3,5,3.021
12,1,56,7,6,6,1.586
12,2,1,8,1,4,2.998
12,2,2,5,8,7,1.465
12,2,3,5,1,8,2.584
12,2,4,5,2,2,1.911
12,2,5,4,6,6,2.973
12,2,6,5,4,7,2.43
12,2,7,8,4,2,2.523
12,2,8,1,5,8,1.96
12,2,9,3,1,9,1.866
12,2,10,1,8,1,2.319
12,2,11,6,1,3,1.933
12,2,12,4,3,8,2.053
12,2,13,1,3,9,1.118
12,2,14,1,7,7,1.634
12,2,15,4,7,5,2.148
12,2,16,2,4,9,1.648
12,2,17,2,1,9,1.167
12,2,18,7,5,9,1.022
12,2,19,6,4,7,1.853
12,2,20,7,3,6,1.617
12,2,21,3,7,6,0.992
12,2,22,6,5,5,2.085
12,2,23,1,4,7,1.65
12,2,24,8,6,4,2.599
12,2,25,7,6,5,2.055
12,2,26,4,5,5,2.787
12,2,27,5,3,7,1.572
12,2,28,2,3,8,1.555
12,2,29,4,2,8,0.95
12,2,30,2,8,1,2.273
12,2,31,8,7,5,1.167
12,2,32,1,2,6,2.4
12,2,33,8,3,2,3.569
12,2,34,3,6,2,1.04
12,2,35,2,5,1,1.542
12,2,36,4,1,6,1.509
12,2,37,3,8,3,3.322
12,2,38,4,8,3,1.165
12,2,39,5,7,9,1.571
12,2,40,1,6,4,3.27
12,2,41,3,2,6,1.665
12,2,42,3,4,9,1.462
12,2,43,8,5,5,1.743
12,2,44,7,1,7,1.555
12,2,45,7,4,6,1.448
12,2,46,6,7,5,4.908
12,2,47,2,7,1,1.993
12,2,48,3,5,8,2.65
12,2,49,6,8,6,2.819
12,2,50,2,6,3,2.21
12,2,51,7,8,5,1.759
12,2,52,5,6,5,0.806
12,2,53,7,2,1,1.913
12,2,54,8,2,1,0.961
12,2,55,6,3,2,2.318
12,2,56,6,2,2,5.721
13,1,1,8,1,2,5.174
13,1,2,3,1,7,8.558
13,1,3,4,1,4,3.112
13,1,4,3,8,4,2.788
13,1,5,4,6,5,2.27
13,1,6,3,2,4,2.94
13,1,7,6,3,4,1.414
13,1,8,2,5,5,2.646
13,1,9,6,4,5,0.993
13,1,10,1,6,4,1.493
13,1,11,8,5,6,2.46
13,1,12,1,7,3,1.68
13,1,13,3,5,3,1.258
13,1,14,5,3,3,0.914
13,1,15,7,1,2,2.289
13,1,16,3,4,8,1.96
13,1,17,6,5,8,1.274
13,1,18,6,1,3,1.278
13,1,19,1,5,5,1.759
13,1,20,2,8,2,1.883
13,1,21,5,7,7,1.76
13,1,22,5,4,7,1.134
13,1,23,1,4,4,2.322
13,1,24,5,8,6,1.073
13,1,25,8,6,6,0.762
13,1,26,7,5,8,1.586
13,1,27,2,4,7,2.321
13,1,28,3,7,3,1.882
13,1,29,7,8,7,1.338
13,1,30,1,3,2,1.79
13,1,31,5,1,3,2.037
13,1,32,8,7,2,2.009
13,1,33,4,3,6,3.162
13,1,34,2,3,4,1.354
13,1,35,4,7,3,1.04
13,1,36,1,2,4,3.397
13,1,37,5,6,4,1.179
13,1,38,7,2,3,1.759
13,1,39,4,8,3,2.006
13,1,40,8,3,3,0.68
13,1,41,1,8,2,1.571
13,1,42,8,2,1,1.681
13,1,43,3,6,4,1.229
13,1,44,7,3,4,2.195
13,1,45,6,7,7,1.82
13,1,46,5,2,5,2.76
13,1,47,2,6,3,2.18
13,1,48,7,6,7,1.524
13,1,49,4,2,8,1.371
13,1,50,4,5,5,1.803
13,1,51,8,4,3,1.26
13,1,52,2,1,3,1.46
13,1,53,7,4,4,1.647
13,1,54,6,2,2,1.647
13,1,55,2,7,1,2.413
13,1,56,6,8,7,2.381
13,2,1,1,6,2,7.506
13,2,2,4,5,8,1.838
13,2,3,8,5,8,1.226
13,2,4,3,7,5,1.945
13,2,5,8,1,4,3.226
13,2,6,5,7,9,1.757
13,2,7,4,7,2,2.226
13,2,8,1,2,3,1.37
13,2,9,7,1,2,1.292
13,2,10,1,3,9,2.661
13,2,11,6,2,4,1.896
13,2,12,2,8,3,1.225
13,2,13,3,5,7,1.242
13,2,14,5,8,6,1.275
13,2,15,2,1,4,1.183
13,2,16,8,4,2,1.446
13,2,17,3,1,9,1.181
13,2,18,2,3,6,1.384
13,2,19,1,5,2,2.037
13,2,20,6,3,4,1.664
13,2,21,2,6,3,2.803
13,2,22,5,1,4,1.54
13,2,23,7,2,1,1.226
13,2,24,3,2,6,2.085
13,2,25,6,4,5,1.761
13,2,26,2,7,3,1.569
13,2,27,4,2,9,1.508
13,2,28,6,5,8,1.728
13,2,29,5,4,9,1.15
13,2,30,8,7,7,1.259
13,2,31,2,5,4,2.366
13,2,32,7,8,3,2.615
13,2,33,8,3,2,1.821
13,2,34,1,4,8,1.992
13,2,35,8,2,3,1.324
13,2,36,3,4,8,1.929
13,2,37,7,6,4,2.647
13,2,38,3,8,1,1.106
13,2,39,8,6,6,1.135
13,2,40,4,8,3,1.135
13,2,41,6,8,7,2.819
13,2,42,6,1,2,1.353
13,2,43,7,3,7,1.931
13,2,44,1,8,2,1.37
13,2,45,7,4,4,2.256
13,2,46,3,6,2,2.071
13,2,47,5,6,7,1.916
13,2,48,1,7,2,1.368
13,2,49,2,4,9,1.259
13,2,50,5,2,7,3.49
13,2,51,4,1,6,1.555
13,2,52,4,6,3,1.526
13,2,53,4,3,7,3.507
13,2,54,6,7,5,1.496
13,2,55,7,5,9,1.403
13,2,56,5,3,8,2.07
14,1,1,3,5,6,4.185
14,1,2,1,3,3,13.616
14,1,3,5,1,3,2.837
14,1,4,1,5,2,1.743
14,1,5,4,8,5,1.956
14,1,6,5,4,5,1.913
14,1,7,6,1,5,1.735
14,1,8,4,2,7,2.536
14,1,9,2,5,4,1.54
14,1,10,2,8,5,1.682
14,1,11,8,4,5,1.059
14,1,12,6,8,8,1.554
14,1,13,3,7,4,1.552
14,1,14,5,8,6,1.649
14,1,15,7,8,6,1.275
14,1,16,8,1,3,1.599
14,1,17,4,1,5,1.446
14,1,18,6,7,6,1.432
14,1,19,4,5,4,1.401
14,1,20,7,4,5,1.167
14,1,21,7,6,6,1.292
14,1,22,6,5,6,1.084
14,1,23,1,4,6,1.105
14,1,24,2,6,4,0.992
14,1,25,8,7,7,1.106
14,1,26,2,4,7,0.837
14,1,27,2,7,3,1.615
14,1,28,6,3,3,1.837
14,1,29,2,3,4,1.433
14,1,30,1,2,4,0.962
14,1,31,1,7,4,0.715
14,1,32,3,2,4,0.56
14,1,33,2,1,4,1.011
14,1,34,3,6,4,0.742
14,1,35,1,6,4,1.022
14,1,36,5,6,8,1.372
14,1,37,4,3,6,0.945
14,1,38,6,4,4,1.121
14,1,39,4,6,4,1.32
14,1,40,3,8,4,0.757
14,1,41,3,4,4,0.788
14,1,42,6,2,3,1.245
14,1,43,5,7,3,1.084
14,1,44,1,8,4,2.211
14,1,45,5,3,4,1.352
14,1,46,3,1,7,1.398
14,1,47,7,5,7,1.231
14,1,48,7,1,3,1.069
14,1,49,8,2,3,1.181
14,1,50,8,5,3,1.04
14,1,51,8,3,3,0.741
14,1,52,7,3,3,1.055
14,1,53,7,2,3,1.589
14,1,54,4,7,3,0.617
14,1,55,5,2,3,0.823
14,1,56,8,6,7,1.616
14,2,1,5,8,7,1.436
14,2,2,4,8,7,1.256
14,2,3,6,3,6,1.054
14,2,4,4,1,7,1.039
14,2,5,6,4,6,1.272
14,2,6,3,1,8,1.106
14,2,7,2,8,7,0.807
14,2,8,5,3,5,2.118
14,2,9,3,5,4,1.167
14,2,10,8,4,3,1.46
14,2,11,2,1,3,1.631
14,2,12,6,8,8,1.355
14,2,13,2,4,7,1.601
14,2,14,1,7,3,1.181
14,2,15,5,4,3,1.041
14,2,16,1,5,5,0.966
14,2,17,6,5,8,1.07
14,2,18,4,7,4,1.289
14,2,19,1,4,4,0.914
14,2,20,5,6,6,1.74
14,2,21,6,2,4,1.213
14,2,22,2,7,2,1.276
14,2,23,4,2,7,1.15
14,2,24,8,6,8,1.349
14,2,25,1,3,8,0.761
14,2,26,8,1,3,1.261
14,2,27,5,2,3,0.7
14,2,28,8,5,3,0.51
14,2,29,3,6,3,0.558
14,2,30,2,5,4,0.951
14,2,31,1,2,3,0.837
14,2,32,7,8,5,1.589
14,2,33,2,3,4,1.387
14,2,34,3,4,6,1.086
14,2,35,7,6,6,1.24
14,2,36,1,6,3,1.12
14,2,37,6,1,4,0.76
14,2,38,3,2,4,0.773
14,2,39,3,7,3,0.747
14,2,40,2,6,3,2.02
14,2,41,1,8,5,1.397
14,2,42,3,8,4,0.728
14,2,43,5,1,3,0.758
14,2,44,7,4,3,0.605
14,2,45,4,5,3,0.559
14,2,46,4,3,6,1.418
14,2,47,8,7,4,0.87
14,2,48,7,3,4,0.741
14,2,49,7,1,3,0.663
14,2,50,8,2,2,1.195
14,2,51,7,5,4,1.49
14,2,52,4,6,5,1.07
14,2,53,7,2,3,0.914
14,2,54,8,3,2,0.757
14,2,55,6,7,7,1.679
14,2,56,5,7,8,1.307
15,1,1,5,2,2,9.288
15,1,2,1,4,3,2.519
15,1,3,3,5,3,3.596
15,1,4,1,6,2,3.179
15,1,5,6,8,6,2.835
15,1,6,8,6,6,1.584
15,1,7,5,7,7,3.61
15,1,8,7,6,6,1.915
15,1,9,2,4,7,4.476
15,1,10,3,6,5,3.444
15,1,11,4,8,4,1.666
15,1,12,5,8,4,1.777
15,1,13,4,6,5,1.461
15,1,14,4,7,3,1.974
15,1,15,1,3,7,2.396
15,1,16,1,8,2,4.506
15,1,17,5,3,3,2.526
15,1,18,5,1,3,1.771
15,1,19,3,4,6,2.104
15,1,20,3,8,3,2.177
15,1,21,7,8,6,2.271
15,1,22,7,1,4,2.539
15,1,23,8,1,1,3.533
15,1,24,4,5,5,2.087
15,1,25,8,4,3,1.851
15,1,26,1,7,2,2.665
15,1,27,7,5,8,3.943
15,1,28,6,7,4,2.916
15,1,29,2,6,4,1.32
15,1,30,8,5,3,1.29
15,1,31,1,2,5,1.491
15,1,32,2,8,3,1.43
15,1,33,7,4,4,1.665
15,1,34,4,3,7,1.699
15,1,35,5,6,8,1.787
15,1,36,6,3,3,2.571
15,1,37,2,3,4,1.568
15,1,38,1,5,4,1.788
15,1,39,4,1,4,1.681
15,1,40,5,4,3,2.634
15,1,41,2,1,3,1.817
15,1,42,6,2,1,2.912
15,1,43,4,2,8,2.916
15,1,44,7,2,4,2.676
15,1,45,8,7,5,1.757
15,1,46,2,5,3,2.381
15,1,47,6,5,6,1.398
15,1,48,7,3,5,1.822
15,1,49,6,4,4,1.226
15,1,50,3,7,3,2.115
15,1,51,8,3,2,1.946
15,1,52,8,2,2,1.917
15,1,53,3,2,5,1.661
15,1,54,2,7,3,1.195
15,1,55,6,1,1,1.398
15,1,56,3,1,7,1.464
15,2,1,4,6,4,12.568
15,2,2,1,6,3,5.081
15,2,3,2,5,2,3.007
15,2,4,3,1,6,1.558
15,2,5,5,8,1,3.894
15,2,6,5,4,3,1.664
15,2,7,3,4,8,1.475
15,2,8,1,2,7,1.821
15,2,9,1,8,3,1.492
15,2,10,4,2,6,1.572
15,2,11,3,5,7,3.817
15,2,12,3,7,5,1.349
15,2,13,6,1,2,1.337
15,2,14,7,8,6,1.491
15,2,15,8,6,7,1.63
15,2,16,5,3,6,1.588
15,2,17,6,4,3,1.741
15,2,18,1,3,8,1.448
15,2,19,8,4,4,1.117
15,2,20,2,6,4,1.882
15,2,21,4,3,5,1.49
15,2,22,2,7,3,1.163
15,2,23,6,7,4,3.93
15,2,24,5,6,6,2.27
15,2,25,5,7,8,4.829
15,2,26,8,3,2,2.239
15,2,27,2,1,5,2.804
15,2,28,4,7,4,1.306
15,2,29,3,2,5,1.651
15,2,30,4,5,4,1.119
15,2,31,4,8,3,1.074
15,2,32,6,2,2,1.209
15,2,33,5,1,2,1.23
15,2,34,7,2,3,1.184
15,2,35,5,2,3,1.103
15,2,36,1,5,3,1.449
15,2,37,7,4,3,1.137
15,2,38,2,8,2,1.57
15,2,39,8,7,4,2.49
15,2,40,6,3,5,1.322
15,2,41,1,4,4,2.383
15,2,42,8,2,3,1.104
15,2,43,4,1,2,1.089
15,2,44,3,8,1,5.209
15,2,45,7,6,5,2.145
15,2,46,7,1,4,1.163
15,2,47,2,4,7,1.73
15,2,48,8,1,4,1.369
15,2,49,6,5,7,1.417
15,2,50,2,3,6,1.336
15,2,51,1,7,4,1.289
15,2,52,3,6,3,1.147
15,2,53,8,5,4,2.573
15,2,54,7,5,8,1.791
15,2,55,7,3,7,1.038
15,2,56,6,8,8,1.18
16,1,1,4,3,6,8.478
16,1,2,6,2,4,5.581
16,1,3,6,7,5,3.44
16,1,4,1,5,2,1.805
16,1,5,1,3,7,3.992
16,1,6,8,5,4,2.269
16,1,7,2,6,5,6.278
16,1,8,5,1,3,2.846
16,1,9,4,1,4,2.571
16,1,10,8,6,8,2.025
16,1,11,2,1,6,2.384
16,1,12,3,5,6,1.352
16,1,13,4,2,7,1.665
16,1,14,5,8,6,5.782
16,1,15,1,2,4,4.273
16,1,16,2,4,4,1.195
16,1,17,3,2,5,1.448
16,1,18,1,7,2,1.334
16,1,19,3,6,4,1.288
16,1,20,3,8,3,2.571
16,1,21,5,2,6,1.461
16,1,22,6,1,3,2.27
16,1,23,4,5,5,2.363
16,1,24,1,6,4,2.257
16,1,25,2,8,4,3.539
16,1,26,7,3,3,1.76
16,1,27,6,5,7,2.243
16,1,28,6,4,4,1.399
16,1,29,3,4,7,2.241
16,1,30,4,7,3,1.306
16,1,31,7,5,8,2.633
16,1,32,5,4,4,1.651
16,1,33,4,6,6,2.243
16,1,34,3,1,8,2.258
16,1,35,7,2,3,1.708
16,1,36,4,8,5,1.646
16,1,37,8,1,4,1.23
16,1,38,8,4,6,1.209
16,1,39,2,3,7,1.729
16,1,40,8,7,7,1.567
16,1,41,7,6,7,1.196
16,1,42,2,5,3,2.041
16,1,43,5,7,8,1.584
16,1,44,3,7,4,1.912
16,1,45,2,7,4,1.506
16,1,46,7,4,4,1.464
16,1,47,5,6,6,1.21
16,1,48,5,3,4,1.446
16,1,49,6,8,6,1.632
16,1,50,8,3,4,1.34
16,1,51,7,8,4,1.319
16,1,52,6,3,4,0.697
16,1,53,1,4,6,1.474
16,1,54,1,8,2,1.246
16,1,55,7,1,3,1.352
16,1,56,8,2,3,2.956
16,2,1,1,7,3,7.377
16,2,2,4,5,4,2.021
16,2,3,4,1,7,1.396
16,2,4,3,4,6,0.763
16,2,5,2,7,4,0.929
16,2,6,1,5,4,2.63
16,2,7,7,2,4,1.714
16,2,8,6,2,4,0.868
16,2,9,1,6,4,0.572
16,2,10,8,5,6,0.882
16,2,11,2,4,7,0.873
16,2,12,6,3,6,0.62
16,2,13,2,8,5,0.741
16,2,14,7,8,4,0.838
16,2,15,5,4,6,1.224
16,2,16,7,1,6,0.588
16,2,17,5,8,6,1.556
16,2,18,8,1,4,1.042
16,2,19,2,3,7,1.134
16,2,20,3,6,5,1.323
16,2,21,3,8,3,1.135
16,2,22,7,3,4,1.508
16,2,23,1,4,6,1.216
16,2,24,8,7,4,0.903
16,2,25,2,5,3,1.228
16,2,26,4,8,5,1.933
16,2,27,2,6,5,1.212
16,2,28,4,2,8,1.289
16,2,29,8,2,6,1.274
16,2,30,5,3,4,1.366
16,2,31,6,4,4,2.788
16,2,32,7,4,4,0.949
16,2,33,6,1,3,2.276
16,2,34,5,6,5,1.537
16,2,35,1,8,3,1.371
16,2,36,6,7,4,3.803
16,2,37,2,1,7,1.15
16,2,38,8,6,7,1.275
16,2,39,7,6,6,1.4
16,2,40,3,2,7,1.399
16,2,41,5,7,9,2.382
16,2,42,4,3,8,1.04
16,2,43,5,1,7,1.383
16,2,44,1,2,7,0.84
16,2,45,3,1,9,1.225
16,2,46,3,5,5,1.697
16,2,47,8,3,4,6.092
16,2,48,7,5,9,1.463
16,2,49,6,8,9,1.367
16,2,50,4,6,8,1.148
16,2,51,4,7,6,1.356
16,2,52,6,5,7,0.795
16,2,53,8,4,6,0.51
16,2,54,1,3,9,1.167
16,2,55,5,2,5,1.184
16,2,56,3,7,4,1.038
17,1,1,2,3,3,7.781
17,1,2,1,7,2,4.343
17,1,3,1,4,4,8.353
17,1,4,6,2,4,3.195
17,1,5,7,3,3,5.922
17,1,6,8,4,3,4.209
17,1,7,3,2,4,1.817
17,1,8,4,7,1,2.71
17,1,9,5,7,7,2.037
17,1,10,5,6,6,5.564
17,1,11,8,1,2,3.554
17,1,12,4,1,4,4.596
17,1,13,4,8,4,2.771
17,1,14,8,5,5,3.491
17,1,15,2,8,2,5.984
17,1,16,4,6,4,4.566
17,1,17,6,4,3,3.366
17,1,18,2,7,1,1.695
17,1,19,7,8,3,15.298
17,1,20,7,5,7,2.68
17,1,21,1,6,3,5.142
17,1,22,2,1,5,3.521
17,1,23,5,2,4,4.099
17,1,24,3,5,6,2.649
17,1,25,2,5,3,3.224
17,1,26,1,5,4,2.915
17,1,27,6,1,3,5.114
17,1,28,7,4,3,2.21
17,1,29,4,3,8,2.084
17,1,30,3,8,4,3.086
17,1,31,1,2,7,1.758
17,1,32,4,2,9,3.332
17,1,33,6,3,4,4.58
17,1,34,3,4,8,1.698
17,1,35,3,6,6,1.93
17,1,36,8,2,3,2.134
17,1,37,5,1,4,5.36
17,1,38,1,3,9,1.897
17,1,39,8,6,8,1.448
17,1,40,2,4,8,1.229
17,1,41,7,6,5,2.082
17,1,42,8,3,3,4.553
17,1,43,7,1,2,1.931
17,1,44,4,5,3,1.819
17,1,45,2,6,3,1.945
17,1,46,3,1,8,1.788
17,1,47,7,2,1,2.974
17,1,48,3,7,2,1.398
17,1,49,6,7,1,2.71
17,1,50,5,4,2,3.65
17,1,51,6,8,7,3.771
17,1,52,6,5,2,7.187
17,1,53,8,7,1,3.332
17,1,54,5,3,2,1.604
17,1,55,1,8,2,1.15
17,1,56,5,8,1,2.913
17,2,1,8,1,2,10.882
17,2,2,7,4,2,1.45
17,2,3,8,3,2,1.072
17,2,4,6,4,4,2.725
17,2,5,4,8,2,2.26
17,2,6,6,7,1,6.014
17,2,7,7,1,1,1.616
17,2,8,3,1,8,1.727
17,2,9,4,5,4,2.491
17,2,10,7,2,2,1.712
17,2,11,5,4,3,1.448
17,2,12,6,1,2,2.242
17,2,13,7,3,2,1.48
17,2,14,4,1,3,3.957
17,2,15,2,8,2,1.056
17,2,16,5,2,1,2.225
17,2,17,4,7,1,1.305
17,2,18,6,8,7,2.458
17,2,19,2,7,1,1.757
17,2,20,3,2,4,3.412
17,2,21,8,2,1,2.727
17,2,22,7,5,8,1.575
17,2,23,8,5,1,2.709
17,2,24,1,5,4,1.948
17,2,25,1,2,4,2.148
17,2,26,4,2,8,3.02
17,2,27,8,7,3,2.553
17,2,28,4,6,2,2.664
17,2,29,1,3,7,1.786
17,2,30,3,8,2,2.039
17,2,31,7,6,2,2.462
17,2,32,5,6,3,1.694
17,2,33,6,2,2,1.959
17,2,34,2,1,3,3.415
17,2,35,4,3,4,1.476
17,2,36,1,4,6,2.552
17,2,37,2,4,7,2.88
17,2,38,2,5,2,1.365
17,2,39,3,6,3,2.504
17,2,40,8,6,8,2.337
17,2,41,5,8,3,3.225
17,2,42,5,1,2,3.1
17,2,43,5,3,3,1.399
17,2,44,1,8,2,3.63
17,2,45,3,5,4,3.565
17,2,46,7,8,2,1.402
17,2,47,1,7,2,3.44
17,2,48,8,4,2,1.651
17,2,49,1,6,3,2.368
17,2,50,3,4,7,1.727
17,2,51,2,3,6,1.865
17,2,52,5,7,8,1.382
17,2,53,2,6,2,4.225
17,2,54,6,5,2,1.49
17,2,55,3,7,3,1.554
17,2,56,6,3,2,1.371
18,1,1,8,1,1,6.626
18,1,2,1,6,2,4.391
18,1,3,4,5,4,6.311
18,1,4,4,7,4,1.972
18,1,5,1,2,5,3.862
18,1,6,3,8,5,7.479
18,1,7,2,3,6,2.361
18,1,8,5,2,2,1.897
18,1,9,8,5,7,2.555
18,1,10,7,2,1,1.617
18,1,11,4,8,5,3.506
18,1,12,7,1,3,3.818
18,1,13,2,4,6,2.274
18,1,14,3,2,7,2.975
18,1,15,1,3,8,1.991
18,1,16,4,2,8,2.214
18,1,17,8,7,8,2.603
18,1,18,8,4,5,1.871
18,1,19,5,7,9,1.87
18,1,20,6,2,3,2.425
18,1,21,5,1,5,3.038
18,1,22,1,4,5,1.833
18,1,23,3,4,5,1.336
18,1,24,2,6,3,1.771
18,1,25,8,2,2,1.366
18,1,26,6,5,7,1.555
18,1,27,1,7,5,1.708
18,1,28,1,5,5,1.929
18,1,29,1,8,3,3.19
18,1,30,5,4,4,1.788
18,1,31,6,3,5,3.181
18,1,32,8,3,5,1.91
18,1,33,7,6,6,1.521
18,1,34,4,6,5,1.963
18,1,35,4,3,7,1.743
18,1,36,6,4,5,2.024
18,1,37,5,6,8,1.708
18,1,38,6,7,7,1.387
18,1,39,2,7,2,1.428
18,1,40,8,6,8,2.022
18,1,41,7,5,9,1.648
18,1,42,2,5,4,3.039
18,1,43,5,8,8,1.85
18,1,44,6,1,5,1.697
18,1,45,4,1,7,4.21
18,1,46,5,3,8,1.494
18,1,47,6,8,9,1.943
18,1,48,3,7,8,2.021
18,1,49,3,5,8,1.413
18,1,50,7,8,9,1.04
18,1,51,2,1,7,2.114
18,1,52,7,4,4,1.713
18,1,53,7,3,5,2.801
18,1,54,3,6,5,4.538
18,1,55,3,1,7,1.478
18,1,56,2,8,3,1.417
18,2,1,2,4,8,2.952
18,2,2,3,8,6,1.709
18,2,3,6,5,8,1.947
18,2,4,8,2,2,2.225
18,2,5,1,6,3,1.848
18,2,6,6,1,3,1.511
18,2,7,5,2,2,1.37
18,2,8,6,7,8,1.852
18,2,9,5,8,9,2.598
18,2,10,7,2,2,1.713
18,2,11,2,7,1,1.835
18,2,12,1,2,8,1.681
18,2,13,2,5,5,2.4
18,2,14,7,8,8,1.743
18,2,15,2,1,7,1.35
18,2,16,1,3,8,1.913
18,2,17,3,7,7,2.115
18,2,18,1,8,5,2.43
18,2,19,8,7,8,1.808
18,2,20,5,1,6,2.679
18,2,21,8,3,6,1.216
18,2,22,1,4,8,2.537
18,2,23,1,5,8,1.148
18,2,24,6,2,3,1.931
18,2,25,8,5,8,1.958
18,2,26,4,8,7,1.746
18,2,27,2,8,4,1.729
18,2,28,6,4,5,2.118
18,2,29,5,7,8,1.523
18,2,30,1,7,6,1.899
18,2,31,2,3,7,1.866
18,2,32,3,5,8,1.365
18,2,33,5,6,8,1.646
18,2,34,4,2,8,2.105
18,2,35,3,2,8,1.678
18,2,36,5,4,7,1.306
18,2,37,2,6,3,1.557
18,2,38,3,1,8,1.476
18,2,39,4,5,6,1.881
18,2,40,7,3,6,2.538
18,2,41,4,7,5,1.916
18,2,42,7,4,5,2.135
18,2,43,7,5,8,3.117
18,2,44,3,4,8,1.527
18,2,45,7,1,6,1.776
18,2,46,3,6,4,2.91
18,2,47,5,3,7,2.147
18,2,48,4,1,7,1.414
18,2,49,8,1,3,1.772
18,2,50,4,6,4,1.54
18,2,51,7,6,6,2.183
18,2,52,8,6,8,1.412
18,2,53,4,3,8,1.162
18,2,54,8,4,5,1.338
18,2,55,6,3,5,1.075
18,2,56,6,8,7,1.196
19,1,1,6,3,7,3.862
19,1,2,8,1,7,1.259
19,1,3,7,4,4,1.909
19,1,4,8,6,7,0.947
19,1,5,7,8,5,1.349
19,1,6,3,7,6,1.354
19,1,7,6,7,7,2.241
19,1,8,2,5,3,1.347
19,1,9,5,8,7,1.213
19,1,10,8,5,7,1.417
19,1,11,2,3,3,1.334
19,1,12,5,3,3,1.729
19,1,13,8,2,3,3.01
19,1,14,3,2,3,1.536
19,1,15,6,5,8,1.338
19,1,16,6,1,3,2.292
19,1,17,4,1,4,2.02
19,1,18,3,4,3,2.354
19,1,19,2,1,3,3.178
19,1,20,1,7,4,2.382
19,1,21,7,1,3,3.208
19,1,22,6,4,3,2.182
19,1,23,3,5,3,2.743
19,1,24,5,1,6,2.209
19,1,25,2,6,3,1.588
19,1,26,3,8,3,1.552
19,1,27,1,3,8,1.646
19,1,28,6,8,8,1.495
19,1,29,5,6,6,1.761
19,1,30,8,7,5,2.176
19,1,31,4,6,3,1.587
19,1,32,4,5,4,2.025
19,1,33,4,7,4,2.459
19,1,34,4,2,7,1.539
19,1,35,2,8,6,1.724
19,1,36,8,4,5,1.229
19,1,37,1,5,4,3.176
19,1,38,2,7,2,1.805
19,1,39,8,3,5,3.849
19,1,40,7,6,6,1.541
19,1,41,3,1,8,1.492
19,1,42,2,4,8,1.09
19,1,43,7,3,5,3.336
19,1,44,7,5,7,1.35
19,1,45,4,8,5,2.348
19,1,46,1,8,6,1.539
19,1,47,3,6,5,3.272
19,1,48,5,2,3,2.192
19,1,49,1,2,2,1.729
19,1,50,1,4,2,1.51
19,1,51,5,4,2,1.492
19,1,52,1,6,2,1.198
19,1,53,4,3,3,1.542
19,1,54,5,7,8,1.318
19,1,55,6,2,5,1.279
19,1,56,7,2,2,1.054
19,2,1,7,6,7,1.418
19,2,2,8,2,5,1.255
19,2,3,1,6,6,1.387
19,2,4,4,8,3,1.637
19,2,5,1,4,8,1.495
19,2,6,6,2,3,1.21
19,2,7,1,3,8,1.43
19,2,8,4,7,2,1.757
19,2,9,7,5,8,1.214
19,2,10,7,3,8,2.21
19,2,11,5,7,8,1.323
19,2,12,5,2,2,1.276
19,2,13,3,1,8,1.117
19,2,14,8,7,7,1.089
19,2,15,6,8,8,1.493
19,2,16,1,5,3,1.474
19,2,17,5,3,4,1.371
19,2,18,1,8,3,1.603
19,2,19,1,2,2,2.791
19,2,20,6,1,2,2.162
19,2,21,8,6,8,1.231
19,2,22,5,6,6,1.211
19,2,23,3,2,5,1.229
19,2,24,4,6,5,1.838
19,2,25,4,5,5,1.349
19,2,26,1,7,5,1.396
19,2,27,6,5,8,1.746
19,2,28,4,1,7,5.187
19,2,29,5,1,6,1.395
19,2,30,3,5,6,1.195
19,2,31,3,8,6,3.164
19,2,32,2,5,5,2.851
19,2,33,4,3,5,1.117
19,2,34,7,8,7,1.665
19,2,35,8,4,5,2.132
19,2,36,2,3,3,1.665
19,2,37,2,4,7,1.434
19,2,38,5,4,3,3.228
19,2,39,7,2,7,2.271
19,2,40,8,1,4,2.396
19,2,41,3,6,6,1.605
19,2,42,6,3,6,1.087
19,2,43,3,7,4,1.599
19,2,44,8,3,4,1.854
19,2,45,2,6,3,2.644
19,2,46,2,1,4,2.613
19,2,47,6,4,3,4.095
19,2,48,5,8,6,1.396
19,2,49,7,4,2,1.43
19,2,50,7,1,7,1.365
19,2,51,2,7,3,1.321
19,2,52,8,5,8,1.698
19,2,53,3,4,6,1.444
19,2,54,6,7,6,1.447
19,2,55,2,8,2,1.367
19,2,56,4,2,9,1.54
2,1,1,5,6,8,4.29
2,1,2,4,5,7,1.599
2,1,3,6,7,7,2.864
2,1,4,2,7,4,1.713
2,1,5,1,4,7,3.335
2,1,6,1,6,4,1.762
2,1,7,3,1,8,3.801
2,1,8,3,5,8,1.56
2,1,9,7,6,5,2.854
2,1,10,4,1,5,2.071
2,1,11,5,1,4,1.79
2,1,12,2,5,2,2.417
2,1,13,6,5,8,5.113
2,1,14,1,5,3,1.866
2,1,15,3,6,4,3.773
2,1,16,3,7,4,1.6
2,1,17,7,1,4,1.714
2,1,18,7,4,1,3.517
2,1,19,1,3,9,4.205
2,1,20,2,3,5,3.705
2,1,21,2,6,2,2.895
2,1,22,3,8,3,5.238
2,1,23,6,4,4,1.793
2,1,24,8,1,2,2.804
2,1,25,6,1,2,1.115
2,1,26,6,3,2,0.746
2,1,27,5,4,5,3.226
2,1,28,5,7,8,2.909
2,1,29,2,4,9,1.587
2,1,30,1,2,6,3.725
2,1,31,4,3,7,2.35
2,1,32,4,7,4,2.898
2,1,33,5,8,7,3.633
2,1,34,8,2,4,2.162
2,1,35,8,6,9,2.573
2,1,36,6,8,9,1.011
2,1,37,8,3,4,3.134
2,1,38,7,3,5,3.412
2,1,39,2,8,3,1.915
2,1,40,4,8,3,6.093
2,1,41,6,2,4,8.854
2,1,42,1,7,3,2.88
2,1,43,3,2,4,4.532
2,1,44,8,7,4,2.788
2,1,45,3,4,8,2.94
2,1,46,8,4,5,2.354
2,1,47,4,6,5,7.094
2,1,48,8,5,7,4.909
2,1,49,1,8,4,1.649
2,1,50,4,2,8,3.149
2,1,51,7,2,3,3.46
2,1,52,5,3,6,5.176
2,1,53,5,2,2,3.892
2,1,54,2,1,5,3.596
2,1,55,7,5,9,3.13
2,1,56,7,8,5,2.214
2,2,1,4,6,6,3.027
2,2,2,5,4,6,1.209
2,2,3,8,7,4,5.345
2,2,4,1,2,5,5.281
2,2,5,1,6,6,1.898
2,2,6,5,1,5,3.114
2,2,7,2,3,6,3.097
2,2,8,7,5,8,6.263
2,2,9,1,7,4,2.822
2,2,10,1,5,5,2.395
2,2,11,3,4,6,2.287
2,2,12,4,7,3,3.306
2,2,13,7,4,3,1.121
2,2,14,2,6,5,2.401
2,2,15,2,4,9,6.628
2,2,16,4,5,7,3.503
2,2,17,6,8,9,2.488
2,2,18,2,1,7,2.804
2,2,19,5,3,7,1.991
2,2,20,4,1,7,2.507
2,2,21,7,6,6,4.099
2,2,22,3,2,7,2.291
2,2,23,7,3,7,2.353
2,2,24,6,5,8,2.568
2,2,25,7,2,2,2.006
2,2,26,4,2,8,4.847
2,2,27,8,2,4,4.133
2,2,28,3,8,6,12.461
2,2,29,8,6,9,1.668
2,2,30,8,3,5,1.962
2,2,31,5,7,9,2.975
2,2,32,2,5,4,5.474
2,2,33,2,7,3,2.661
2,2,34,2,8,4,5.172
2,2,35,1,4,7,10.055
2,2,36,7,8,2,5.329
2,2,37,5,8,7,6.315
2,2,38,4,3,8,3.284
2,2,39,6,2,5,1.946
2,2,40,8,5,5,1.6
2,2,41,5,2,5,3.095
2,2,42,5,6,8,3.662
2,2,43,6,1,4,3.067
2,2,44,1,3,8,2.148
2,2,45,8,1,4,1.931
2,2,46,1,8,4,4.41
2,2,47,4,8,6,3.424
2,2,48,6,4,6,1.229
2,2,49,3,5,8,3.316
2,2,50,3,6,8,0.947
2,2,51,6,7,7,1.475
2,2,52,8,4,7,1.838
2,2,53,7,1,5,1.651
2,2,54,3,1,9,2.601
2,2,55,3,7,6,5.049
2,2,56,6,3,7,1.615
20,1,1,7,6,9,6.17
20,1,2,1,7,9,1.852
20,1,3,8,4,9,1.833
20,1,4,1,2,1,2.722
20,1,5,5,7,9,3.203
20,1,6,6,2,9,1.646
20,1,7,8,3,9,1.142
20,1,8,5,4,9,1.646
20,1,9,3,6,9,1.212
20,1,10,8,5,1,1.349
20,1,11,2,3,1,1.371
20,1,12,2,8,9,0.761
20,1,13,8,6,1,0.867
20,1,14,6,1,1,0.498
20,1,15,5,2,1,1.637
20,1,16,4,3,1,1.212
20,1,17,6,5,1,1.29
20,1,18,1,6,9,0.841
20,1,19,7,2,9,1.87
20,1,20,3,1,1,1.185
20,1,21,8,7,1,6.595
20,1,22,6,4,9,2.601
20,1,23,7,4,9,10.84
20,1,24,3,5,9,1.228
20,1,25,5,6,9,2.475
20,1,26,5,8,2,1.215
20,1,27,5,3,3,0.794
20,1,28,2,6,8,1.553
20,1,29,6,3,8,1.43
20,1,30,8,1,9,0.916
20,1,31,4,5,8,0.758
20,1,32,7,1,7,1.538
20,1,33,4,7,7,1.089
20,1,34,6,7,8,8.468
20,1,35,7,8,4,1.041
20,1,36,3,4,7,0.617
20,1,37,7,5,4,0.48
20,1,38,2,1,3,1.076
20,1,39,1,4,4,0.804
20,1,40,3,8,7,0.73
20,1,41,8,2,4,0.617
20,1,42,7,3,7,1.055
20,1,43,3,2,3,0.823
20,1,44,4,2,8,2.332
20,1,45,2,7,8,1.039
20,1,46,1,3,3,0.931
20,1,47,4,1,8,1.524
20,1,48,5,1,8,0.757
20,1,49,2,5,8,0.621
20,1,50,1,8,9,1.167
20,1,51,3,7,8,0.809
20,1,52,1,5,9,0.618
20,1,53,6,8,3,1.214
20,1,54,4,8,3,3.134
20,1,55,4,6,8,1.071
20,1,56,2,4,8,0.881
20,2,1,1,7,8,4.801
20,2,2,6,1,8,0.913
20,2,3,3,5,8,0.663
20,2,4,1,2,3,0.821
20,2,5,2,3,3,0.664
20,2,6,3,7,8,0.806
20,2,7,5,6,3,0.682
20,2,8,3,4,3,0.79
20,2,9,8,7,3,1.182
20,2,10,8,3,8,0.7
20,2,11,1,8,9,0.76
20,2,12,7,2,9,3.774
20,2,13,7,1,8,0.713
20,2,14,4,7,8,1.632
20,2,15,8,6,3,0.772
20,2,16,6,5,8,1.662
20,2,17,4,5,8,0.731
20,2,18,4,3,3,0.634
20,2,19,7,8,8,0.557
20,2,20,2,8,3,2.024
20,2,21,3,8,3,0.792
20,2,22,5,3,8,1.35
20,2,23,8,1,3,0.605
20,2,24,6,4,3,0.95
20,2,25,1,3,3,0.636
20,2,26,5,8,3,0.775
20,2,27,3,6,8,0.683
20,2,28,5,2,3,1.275
20,2,29,6,2,3,1.164
20,2,30,1,4,3,0.716
20,2,31,4,8,8,3.712
20,2,32,4,2,7,0.493
20,2,33,1,5,8,1.042
20,2,34,2,6,8,1.059
20,2,35,2,7,3,1.084
20,2,36,2,1,3,0.622
20,2,37,4,6,8,0.852
20,2,38,8,5,3,0.588
20,2,39,7,3,8,3.349
20,2,40,1,6,9,1.774
20,2,41,5,7,9,0.841
20,2,42,2,4,3,1.412
20,2,43,8,2,8,0.679
20,2,44,2,5,8,0.73
20,2,45,6,3,8,1.075
20,2,46,5,4,3,0.621
20,2,47,6,7,4,1.992
20,2,48,7,4,3,2.49
20,2,49,7,6,3,0.882
20,2,50,3,2,4,1.338
20,2,51,4,1,3,1.275
20,2,52,8,4,8,0.758
20,2,53,5,1,3,0.605
20,2,54,6,8,8,0.826
20,2,55,3,1,3,0.478
20,2,56,7,5,3,0.824
21,1,1,4,2,4,4.6
21,1,2,3,5,1,4.537
21,1,3,4,3,6,4.984
21,1,4,4,7,1,3.346
21,1,5,1,2,6,1.803
21,1,6,7,2,1,1.648
21,1,7,1,5,2,2.648
21,1,8,1,4,4,2.883
21,1,9,8,3,1,1.476
21,1,10,3,2,3,4.081
21,1,11,5,8,6,2.598
21,1,12,7,1,1,1.213
21,1,13,4,5,1,0.839
21,1,14,8,5,4,2.086
21,1,15,1,8,1,0.867
21,1,16,3,1,8,1.606
21,1,17,7,4,1,0.744
21,1,18,5,7,6,1.334
21,1,19,6,3,1,2.037
21,1,20,6,1,1,0.772
21,1,21,5,2,1,0.763
21,1,22,2,5,1,0.761
21,1,23,2,1,3,2.758
21,1,24,6,4,3,1.118
21,1,25,8,2,1,1.165
21,1,26,8,4,1,0.449
21,1,27,2,7,1,0.559
21,1,28,6,5,6,4.642
21,1,29,8,7,1,1.039
21,1,30,1,6,1,2.148
21,1,31,2,4,5,1.682
21,1,32,7,5,5,1.435
21,1,33,1,3,7,1.912
21,1,34,7,3,1,1.338
21,1,35,3,7,1,3.551
21,1,36,4,8,1,0.838
21,1,37,5,3,1,3.959
21,1,38,7,6,1,0.851
21,1,39,3,6,1,11.371
21,1,40,2,8,1,1.103
21,1,41,3,8,1,1.132
21,1,42,2,3,3,1.414
21,1,43,7,8,1,1.273
21,1,44,6,2,1,0.931
21,1,45,6,7,3,1.974
21,1,46,3,4,4,3.071
21,1,47,4,1,4,1.961
21,1,48,8,6,4,1.666
21,1,49,1,7,1,0.759
21,1,50,5,1,1,0.899
21,1,51,5,6,2,1.323
21,1,52,4,6,1,0.791
21,1,53,5,4,1,0.667
21,1,54,2,6,1,1.491
21,1,55,6,8,4,3.128
21,1,56,8,1,1,1.757
21,2,1,2,4,1,1.843
21,2,2,3,2,2,1.428
21,2,3,4,6,1,0.996
21,2,4,1,4,1,2.944
21,2,5,2,5,1,0.682
21,2,6,7,6,1,0.525
21,2,7,6,3,4,2.041
21,2,8,2,3,4,2.8
21,2,9,5,1,1,2.229
21,2,10,3,4,5,7.969
21,2,11,7,1,1,1.119
21,2,12,6,7,2,2.192
21,2,13,1,7,1,0.807
21,2,14,7,8,1,1.573
21,2,15,3,6,1,1.293
21,2,16,4,8,1,1.319
21,2,17,4,1,3,1.606
21,2,18,5,2,1,0.712
21,2,19,6,4,1,0.914
21,2,20,7,4,1,1.023
21,2,21,4,3,4,1.897
21,2,22,8,7,1,1.023
21,2,23,5,3,3,1.355
21,2,24,7,5,6,2.261
21,2,25,2,1,1,1.012
21,2,26,1,6,1,0.576
21,2,27,5,4,1,0.622
21,2,28,2,7,2,1.401
21,2,29,6,1,2,1.228
21,2,30,3,7,1,1.166
21,2,31,6,2,1,2.008
21,2,32,1,8,1,0.507
21,2,33,3,1,5,2.104
21,2,34,4,2,1,1.012
21,2,35,4,7,1,0.685
21,2,36,8,3,1,1.278
21,2,37,8,2,1,0.462
21,2,38,3,5,3,3.456
21,2,39,4,5,1,1.228
21,2,40,2,8,1,4.834
21,2,41,7,3,1,1.836
21,2,42,3,8,1,0.741
21,2,43,1,2,1,2.963
21,2,44,5,7,4,2.379
21,2,45,6,8,1,1.287
21,2,46,2,6,1,0.513
21,2,47,8,6,1,0.961
21,2,48,8,5,1,3.206
21,2,49,8,4,1,0.679
21,2,50,8,1,1,0.663
21,2,51,7,2,1,0.571
21,2,52,6,5,4,4.831
21,2,53,5,8,5,2.074
21,2,54,5,6,6,2.863
21,2,55,1,3,7,1.646
21,2,56,1,5,1,1.461
22,1,1,8,1,4,4.302
22,1,2,8,3,4,0.773
22,1,3,6,3,4,1.618
22,1,4,7,8,5,1.412
22,1,5,1,6,3,1.37
22,1,6,3,2,7,1.461
22,1,7,1,4,8,1.412
22,1,8,3,1,8,1.542
22,1,9,5,8,7,1.332
22,1,10,3,8,6,1.758
22,1,11,1,8,6,3.645
22,1,12,6,2,4,1.912
22,1,13,1,2,2,0.915
22,1,14,8,7,4,1.416
22,1,15,4,8,2,1.528
22,1,16,4,6,4,1.605
22,1,17,8,5,5,1.118
22,1,18,6,5,5,0.744
22,1,19,4,3,6,1.758
22,1,20,2,6,3,1.744
22,1,21,2,3,4,1.074
22,1,22,8,2,2,1.401
22,1,23,3,6,5,2.18
22,1,24,3,7,4,1.684
22,1,25,2,1,3,2.803
22,1,26,7,1,1,1.632
22,1,27,2,5,3,1.415
22,1,28,7,2,1,1.321
22,1,29,6,1,4,1.509
22,1,30,2,7,2,1.167
22,1,31,1,3,8,1.368
22,1,32,2,4,8,1.228
22,1,33,6,7,5,1.741
22,1,34,1,5,4,0.838
22,1,35,5,6,6,1.855
22,1,36,5,3,5,1.32
22,1,37,7,6,4,1.837
22,1,38,4,2,7,1.211
22,1,39,4,5,4,1.415
22,1,40,7,3,3,1.819
22,1,41,5,7,7,1.839
22,1,42,3,4,7,0.963
22,1,43,5,4,5,1.306
22,1,44,8,6,6,2.492
22,1,45,5,2,3,1.367
22,1,46,4,1,5,1.71
22,1,47,2,8,4,1.57
22,1,48,5,1,5,1.632
22,1,49,6,4,6,2.131
22,1,50,6,8,7,1.193
22,1,51,4,7,3,1.089
22,1,52,8,4,3,1.669
22,1,53,7,5,6,1.243
22,1,54,7,4,4,1.258
22,1,55,1,7,2,1.261
22,1,56,3,5,3,1.386
22,2,1,6,7,3,1.681
22,2,2,4,2,7,1.945
22,2,3,8,3,5,2.084
22,2,4,2,8,3,1.414
22,2,5,2,5,3,0.82
22,2,6,2,3,4,0.914
22,2,7,3,6,4,1.558
22,2,8,7,4,2,1.199
22,2,9,7,3,4,1.271
22,2,10,6,8,7,1.042
22,2,11,1,6,5,0.9
22,2,12,5,4,4,0.961
22,2,13,8,7,6,1.259
22,2,14,8,6,8,1.261
22,2,15,2,6,4,1.185
22,2,16,4,7,3,1.226
22,2,17,8,5,5,1.414
22,2,18,8,4,5,1.493
22,2,19,4,3,7,1.226
22,2,20,2,7,3,1.088
22,2,21,1,7,3,0.821
22,2,22,4,8,5,1.101
22,2,23,1,5,4,1.182
22,2,24,1,4,6,1.273
22,2,25,5,8,7,0.931
22,2,26,5,7,8,1.105
22,2,27,6,5,7,1.681
22,2,28,6,4,5,1.587
22,2,29,7,6,4,1.649
22,2,30,6,3,5,1.788
22,2,31,1,2,5,1.589
22,2,32,7,1,4,0.978
22,2,33,2,4,6,1.588
22,2,34,3,2,5,1.728
22,2,35,7,5,6,1.447
22,2,36,3,8,5,5.082
22,2,37,4,5,5,2.335
22,2,38,1,8,4,0.871
22,2,39,3,1,7,1.587
22,2,40,4,6,4,2.209
22,2,41,8,1,3,1.197
22,2,42,2,1,4,1.82
22,2,43,5,2,1,1.027
22,2,44,6,2,3,1.293
22,2,45,3,7,2,1.336
22,2,46,3,4,7,1.259
22,2,47,5,6,7,1.243
22,2,48,5,1,5,1.242
22,2,49,4,1,4,1.227
22,2,50,6,1,5,0.665
22,2,51,8,2,4,1.369
22,2,52,5,3,7,1.246
22,2,53,7,2,1,1.199
22,2,54,1,3,8,1.335
22,2,55,7,8,6,2.303
22,2,56,3,5,5,1.897
23,1,1,7,3,3,4.635
23,1,2,7,1,2,2.118
23,1,3,5,4,5,1.899
23,1,4,1,8,2,3.009
23,1,5,5,6,8,2.535
23,1,6,8,3,4,2.288
23,1,7,5,3,3,1.557
23,1,8,2,1,5,2.759
23,1,9,3,5,4,1.867
23,1,10,2,7,1,1.666
23,1,11,7,2,1,1.101
23,1,12,8,7,7,1.48
23,1,13,7,6,6,2.037
23,1,14,7,8,7,1.163
23,1,15,2,3,4,1.497
23,1,16,6,8,8,2.245
23,1,17,1,7,1,1.353
23,1,18,4,6,6,1.849
23,1,19,5,7,8,1.464
23,1,20,1,5,2,2.51
23,1,21,4,7,4,2.678
23,1,22,5,2,4,0.898
23,1,23,8,4,4,0.773
23,1,24,3,1,8,2.713
23,1,25,1,3,6,2.336
23,1,26,2,6,3,1.809
23,1,27,5,8,7,2.321
23,1,28,4,3,4,3.675
23,1,29,6,7,6,1.73
23,1,30,3,7,3,2.461
23,1,31,2,5,1,2.317
23,1,32,8,6,8,2.446
23,1,33,4,1,5,4.127
23,1,34,6,5,7,1.77
23,1,35,6,4,3,2.805
23,1,36,3,4,7,7.658
23,1,37,6,3,3,5.437
23,1,38,4,2,6,4.079
23,1,39,7,5,7,1.179
23,1,40,3,2,4,2.147
23,1,41,4,5,4,1.774
23,1,42,2,4,3,3.799
23,1,43,4,8,3,1.271
23,1,44,1,4,2,1.48
23,1,45,1,6,1,1.334
23,1,46,3,8,3,1.896
23,1,47,8,5,8,1.713
23,1,48,3,6,4,2.1
23,1,49,2,8,2,1.615
23,1,50,8,2,3,1.272
23,1,51,7,4,3,3.446
23,1,52,6,1,1,2.728
23,1,53,8,1,1,1.053
23,1,54,5,1,1,1.43
23,1,55,1,2,4,1.272
23,1,56,6,2,4,2.197
23,2,1,6,3,4,1.95
23,2,2,8,2,3,0.991
23,2,3,5,4,4,6.422
23,2,4,4,7,3,1.897
23,2,5,7,5,8,2.431
23,2,6,5,1,4,2.46
23,2,7,8,3,3,1.24
23,2,8,5,6,7,2.213
23,2,9,4,8,5,2.535
23,2,10,3,7,4,2.771
23,2,11,8,7,6,1.272
23,2,12,5,2,4,3.023
23,2,13,3,1,7,3.3
23,2,14,3,8,5,1.729
23,2,15,2,4,6,3.178
23,2,16,5,3,6,1.865
23,2,17,2,8,4,1.697
23,2,18,4,2,7,3.567
23,2,19,7,8,7,1.023
23,2,20,2,7,2,1.865
23,2,21,1,2,6,1.646
23,2,22,1,7,3,3.004
23,2,23,3,4,7,3.257
23,2,24,2,6,4,1.491
23,2,25,4,5,4,7.205
23,2,26,3,2,6,1.943
23,2,27,8,5,8,1.447
23,2,28,3,5,7,1.291
23,2,29,3,6,7,1.976
23,2,30,8,4,7,1.648
23,2,31,1,5,3,1.59
23,2,32,5,7,9,2.537
23,2,33,2,3,6,2.056
23,2,34,7,3,6,1.042
23,2,35,7,2,1,1.491
23,2,36,4,6,7,1.849
23,2,37,1,6,3,2.662
23,2,38,4,1,6,1.59
23,2,39,6,8,8,1.761
23,2,40,7,1,3,1.462
23,2,41,2,1,5,2.523
23,2,42,1,8,4,1.384
23,2,43,8,1,3,1.475
23,2,44,2,5,1,2.021
23,2,45,7,4,5,1.929
23,2,46,6,7,7,1.35
23,2,47,1,4,5,1.88
23,2,48,4,3,6,4.079
23,2,49,6,5,6,1.729
23,2,50,6,4,5,2.601
23,2,51,8,6,9,1.833
23,2,52,1,3,6,3.144
23,2,53,7,6,6,1.823
23,2,54,6,2,3,1.403
23,2,55,6,1,3,1.262
23,2,56,5,8,8,2.336
24,1,1,2,4,8,3.511
24,1,2,1,8,4,3.852
24,1,3,8,3,4,1.056
24,1,4,6,4,6,3.711
24,1,5,2,5,6,2.449
24,1,6,3,6,6,2.148
24,1,7,7,6,7,1.476
24,1,8,5,6,8,2.182
24,1,9,4,5,6,2.524
24,1,10,7,8,6,7.859
24,1,11,7,5,8,4.567
24,1,12,8,4,3,5.487
24,1,13,5,4,7,2.37
24,1,14,4,2,7,2.727
24,1,15,3,5,7,2.475
24,1,16,2,7,2,3.927
24,1,17,7,1,2,10.31
24,1,18,6,8,7,4.689
24,1,19,6,5,5,3.505
24,1,20,1,5,2,3.494
24,1,21,4,1,4,3.209
24,1,22,3,8,3,1.369
24,1,23,3,4,6,4.971
24,1,24,7,4,1,3.114
24,1,25,1,4,3,3.288
24,1,26,6,3,4,2.555
24,1,27,2,3,4,1.494
24,1,28,1,3,8,2.911
24,1,29,8,2,3,2.104
24,1,30,4,6,6,2.584
24,1,31,7,3,4,2.537
24,1,32,4,3,7,4.427
24,1,33,5,8,3,3.04
24,1,34,3,2,3,1.569
24,1,35,5,1,2,6.081
24,1,36,5,3,3,2.913
24,1,37,8,7,2,6.158
24,1,38,5,2,2,4.191
24,1,39,1,2,3,3.942
24,1,40,6,1,2,5.333
24,1,41,7,2,1,3.692
24,1,42,8,5,3,1.976
24,1,43,3,7,4,1.853
24,1,44,2,8,3,1.556
24,1,45,4,7,3,1.322
24,1,46,2,6,3,1.884
24,1,47,8,1,4,4.096
24,1,48,2,1,4,1.29
24,1,49,8,6,7,6.565
24,1,50,3,1,8,2.006
24,1,51,6,2,4,4.66
24,1,52,6,7,6,4.366
24,1,53,5,7,8,3.974
24,1,54,4,8,5,3.8
24,1,55,1,6,6,2.726
24,1,56,1,7,6,2.571
24,2,1,5,2,5,3.452
24,2,2,4,1,5,4.066
24,2,3,4,3,6,3.753
24,2,4,6,7,5,5.159
24,2,5,7,2,3,3.677
24,2,6,8,2,2,2.989
24,2,7,8,1,4,3.566
24,2,8,7,8,6,8.343
24,2,9,5,8,6,1.741
24,2,10,5,4,6,1.68
24,2,11,3,4,8,3.582
24,2,12,2,7,3,1.493
24,2,13,3,1,8,2.304
24,2,14,1,6,7,1.306
24,2,15,4,5,4,7
24,2,16,6,1,3,6.407
24,2,17,3,7,4,3.224
24,2,18,7,4,3,1.571
24,2,19,8,3,4,6.594
24,2,20,7,3,5,3.398
24,2,21,5,7,7,3.379
24,2,22,4,8,3,2.243
24,2,23,3,2,6,3.818
24,2,24,8,7,6,3.228
24,2,25,4,6,4,3.208
24,2,26,1,7,3,5.161
24,2,27,6,4,6,4.377
24,2,28,6,8,8,3.597
24,2,29,3,6,6,2.18
24,2,30,5,6,7,1.308
24,2,31,6,2,6,1.086
24,2,32,7,6,5,2.241
24,2,33,6,3,4,3.006
24,2,34,1,5,4,2.397
24,2,35,2,1,3,3.694
24,2,36,2,5,2,7.312
24,2,37,7,5,7,2.272
24,2,38,8,4,3,5.471
24,2,39,8,5,4,9.51
24,2,40,2,6,2,3.321
24,2,41,2,3,7,2.428
24,2,42,1,4,6,3.132
24,2,43,4,7,2,2.318
24,2,44,2,4,6,3.243
24,2,45,1,3,9,5.656
24,2,46,4,2,8,1.259
24,2,47,7,1,6,2.349
24,2,48,5,1,6,1.198
24,2,49,5,3,7,2.739
24,2,50,3,8,4,3.383
24,2,51,8,6,8,2.069
24,2,52,3,5,8,1.087
24,2,53,1,2,7,1.509
24,2,54,6,5,7,1.804
24,2,55,2,8,4,1.633
24,2,56,1,8,4,5.099
3,1,1,2,8,3,6.236
3,1,2,8,4,4,4.148
3,1,3,2,1,8,3.395
3,1,4,3,6,9,1.29
3,1,5,1,3,9,1.133
3,1,6,5,8,8,1.322
3,1,7,4,5,5,3.366
3,1,8,8,7,5,2.1
3,1,9,7,5,8,1.898
3,1,10,8,3,2,1.616
3,1,11,7,6,7,1.43
3,1,12,4,2,8,1.491
3,1,13,3,7,2,1.646
3,1,14,8,1,2,0.763
3,1,15,4,1,2,0.778
3,1,16,6,7,6,2.945
3,1,17,3,8,3,2.851
3,1,18,3,1,9,1.349
3,1,19,6,5,8,1.696
3,1,20,1,5,3,1.99
3,1,21,4,8,1,2.04
3,1,22,4,3,5,1.899
3,1,23,2,7,1,1.384
3,1,24,1,2,1,1.24
3,1,25,1,4,3,1.554
3,1,26,8,2,1,1.632
3,1,27,2,4,6,1.464
3,1,28,4,6,1,1.21
3,1,29,4,7,1,0.589
3,1,30,6,8,8,3.958
3,1,31,1,7,1,1.666
3,1,32,6,3,2,1.617
3,1,33,7,2,1,0.824
3,1,34,3,5,7,1.401
3,1,35,6,4,1,1.417
3,1,36,5,4,3,1.308
3,1,37,5,3,5,3.486
3,1,38,3,2,3,1.412
3,1,39,5,7,8,2.113
3,1,40,2,5,2,1.855
3,1,41,7,4,1,1.37
3,1,42,3,4,7,1.917
3,1,43,7,1,1,0.961
3,1,44,1,8,1,1.257
3,1,45,7,3,1,0.963
3,1,46,8,5,1,0.666
3,1,47,7,8,1,2.007
3,1,48,5,6,9,1.307
3,1,49,5,2,7,1.601
3,1,50,5,1,1,1.506
3,1,51,2,3,1,2.145
3,1,52,8,6,8,1.48
3,1,53,6,2,3,1.995
3,1,54,1,6,4,1.444
3,1,55,6,1,2,1.573
3,1,56,2,6,1,1.134
3,2,1,8,1,1,1.991
3,2,2,8,6,9,1.396
3,2,3,5,8,9,0.963
3,2,4,1,2,3,1.725
3,2,5,5,6,8,1.539
3,2,6,5,4,6,1.881
3,2,7,5,1,4,1.964
3,2,8,6,2,1,2.478
3,2,9,1,4,5,2.976
3,2,10,7,8,8,1.417
3,2,11,4,6,3,2.992
3,2,12,4,5,2,1.692
3,2,13,1,8,2,1.446
3,2,14,7,2,1,1.024
3,2,15,6,7,7,1.49
3,2,16,6,4,2,0.996
3,2,17,2,5,1,1.243
3,2,18,6,5,8,1.49
3,2,19,3,5,2,1.755
3,2,20,1,7,2,0.729
3,2,21,7,3,2,0.65
3,2,22,3,1,9,1.573
3,2,23,8,4,2,1.167
3,2,24,1,6,1,3.16
3,2,25,7,1,1,0.997
3,2,26,4,8,1,1.554
3,2,27,2,1,5,1.539
3,2,28,4,3,4,2.098
3,2,29,1,5,2,1.854
3,2,30,7,5,8,3.143
3,2,31,4,1,7,1.479
3,2,32,2,7,1,0.918
3,2,33,6,1,1,1.368
3,2,34,6,3,1,0.841
3,2,35,7,4,2,2.553
3,2,36,3,4,7,1.882
3,2,37,4,2,7,2.539
3,2,38,3,7,1,0.826
3,2,39,6,8,9,1.637
3,2,40,2,8,1,1.028
3,2,41,7,6,7,1.786
3,2,42,5,2,3,1.23
3,2,43,2,6,2,1.819
3,2,44,2,4,8,2.055
3,2,45,3,8,1,1.557
3,2,46,8,2,1,0.935
3,2,47,8,3,1,0.946
3,2,48,1,3,9,1.131
3,2,49,8,5,2,1.337
3,2,50,5,7,8,1.833
3,2,51,2,3,6,2.821
3,2,52,3,2,6,0.992
3,2,53,3,6,7,1.964
3,2,54,5,3,7,0.803
3,2,55,8,7,6,1.946
3,2,56,4,7,1,0.825
4,1,1,4,8,5,5.065
4,1,2,7,5,8,4.207
4,1,3,6,2,3,4.906
4,1,4,1,5,6,1.928
4,1,5,8,4,7,3.166
4,1,6,4,7,3,6.004
4,1,7,7,8,8,2.599
4,1,8,8,1,3,4.083
4,1,9,7,6,8,1.599
4,1,10,7,1,3,1.98
4,1,11,8,3,8,1.262
4,1,12,2,8,3,3.677
4,1,13,6,5,9,3.617
4,1,14,5,3,8,1.601
4,1,15,1,8,6,4.364
4,1,16,2,1,3,2.742
4,1,17,1,4,4,1.65
4,1,18,8,5,9,2.208
4,1,19,5,8,9,1.839
4,1,20,6,4,7,2.01
4,1,21,2,7,2,1.818
4,1,22,3,5,3,1.305
4,1,23,3,1,9,2.382
4,1,24,1,7,3,3.007
4,1,25,2,6,1,2.975
4,1,26,4,5,3,2.849
4,1,27,3,6,7,1.739
4,1,28,1,6,3,1.746
4,1,29,2,3,2,2.245
4,1,30,6,7,8,2.054
4,1,31,5,7,9,0.839
4,1,32,6,3,7,1.959
4,1,33,7,4,3,1.838
4,1,34,8,2,4,2.977
4,1,35,8,7,8,3.534
4,1,36,5,6,9,1.23
4,1,37,4,6,6,1.259
4,1,38,6,1,4,1.775
4,1,39,4,1,3,0.9
4,1,40,5,1,2,4.049
4,1,41,6,8,9,1.447
4,1,42,5,2,6,3.099
4,1,43,3,2,8,1.474
4,1,44,1,2,8,1.494
4,1,45,5,4,3,2.427
4,1,46,2,4,9,1.539
4,1,47,1,3,9,1.273
4,1,48,3,8,8,1.855
4,1,49,4,2,7,1.946
4,1,50,4,3,9,1.491
4,1,51,7,2,1,1.68
4,1,52,8,6,9,1.958
4,1,53,2,5,3,2.537
4,1,54,3,4,8,1.415
4,1,55,3,7,3,2.116
4,1,56,7,3,3,0.982
4,2,1,1,7,3,3.418
4,2,2,8,7,7,1.474
4,2,3,7,1,3,0.929
4,2,4,5,1,8,0.997
4,2,5,8,2,3,1.446
4,2,6,2,1,2,2.007
4,2,7,7,2,2,3.415
4,2,8,3,7,7,1.945
4,2,9,2,6,3,1.24
4,2,10,1,2,7,4.554
4,2,11,8,4,8,1.337
4,2,12,4,1,7,4.69
4,2,13,7,4,3,1.807
4,2,14,6,2,7,2.118
4,2,15,8,3,8,4.85
4,2,16,4,8,7,2.087
4,2,17,1,4,4,1.492
4,2,18,8,6,9,1.881
4,2,19,4,7,2,3.006
4,2,20,2,7,1,1.99
4,2,21,5,7,9,1.68
4,2,22,7,8,8,0.932
4,2,23,6,8,9,1.459
4,2,24,2,4,8,1.804
4,2,25,1,5,2,1.007
4,2,26,4,6,6,3.347
4,2,27,2,8,3,2.022
4,2,28,4,3,7,2.214
4,2,29,3,8,7,6.169
4,2,30,4,2,7,2.571
4,2,31,3,2,3,1.725
4,2,32,4,5,2,0.98
4,2,33,1,3,8,1.244
4,2,34,8,5,8,1.041
4,2,35,5,8,8,1.041
4,2,36,3,6,7,1.35
4,2,37,1,6,7,0.805
4,2,38,5,3,8,1.647
4,2,39,2,3,4,1.481
4,2,40,6,5,8,1.695
4,2,41,5,2,3,2.398
4,2,42,5,4,6,2.959
4,2,43,7,5,8,1.089
4,2,44,3,5,7,0.868
4,2,45,6,1,4,1.198
4,2,46,7,3,8,1.075
4,2,47,2,5,3,1.787
4,2,48,1,8,7,0.822
4,2,49,6,4,7,2.615
4,2,50,6,3,3,0.856
4,2,51,3,4,3,0.929
4,2,52,3,1,8,0.854
4,2,53,7,6,7,2.367
4,2,54,8,1,4,2.566
4,2,55,6,7,8,1.537
4,2,56,5,6,9,0.888
5,1,1,5,1,5,13.612
5,1,2,8,7,2,3.999
5,1,3,6,2,6,4.577
5,1,4,7,4,7,4.504
5,1,5,4,8,6,2.806
5,1,6,5,2,5,4.611
5,1,7,2,8,6,4.738
5,1,8,7,3,7,3.097
5,1,9,8,2,5,1.866
5,1,10,3,1,8,2.786
5,1,11,3,4,8,2.147
5,1,12,1,4,6,2.303
5,1,13,5,4,7,1.994
5,1,14,3,2,7,1.995
5,1,15,6,4,6,4.658
5,1,16,3,5,6,8.887
5,1,17,2,3,6,1.57
5,1,18,7,1,5,2.365
5,1,19,5,8,1,3.956
5,1,20,8,1,2,2.151
5,1,21,1,5,6,1.413
5,1,22,3,6,5,10.041
5,1,23,7,5,8,3.678
5,1,24,4,2,8,1.165
5,1,25,1,6,6,1.337
5,1,26,8,3,5,3.988
5,1,27,1,3,9,3.571
5,1,28,5,6,7,1.354
5,1,29,3,7,6,5.346
5,1,30,7,6,7,1.476
5,1,31,1,8,3,1.397
5,1,32,4,3,6,1.603
5,1,33,6,5,6,2.599
5,1,34,2,5,4,9.325
5,1,35,1,7,3,2.257
5,1,36,8,4,4,4.269
5,1,37,4,1,5,7.871
5,1,38,4,6,6,16.201
5,1,39,8,6,6,2.382
5,1,40,8,5,4,5.255
5,1,41,2,1,5,5.157
5,1,42,7,2,4,1.803
5,1,43,5,7,7,2.225
5,1,44,2,7,4,8.67
5,1,45,1,2,6,5.5
5,1,46,5,3,7,11.135
5,1,47,6,8,8,1.823
5,1,48,2,4,8,1.137
5,1,49,7,8,4,2.068
5,1,50,6,7,6,1.243
5,1,51,4,7,5,2.199
5,1,52,3,8,3,2.82
5,1,53,2,6,5,1.822
5,1,54,6,1,4,10.478
5,1,55,6,3,6,13.457
5,1,56,4,5,5,4.052
5,2,1,6,7,6,11.701
5,2,2,8,4,3,3.114
5,2,3,5,6,7,1.527
5,2,4,4,5,5,1.507
5,2,5,7,6,5,21.399
5,2,6,1,4,5,1.726
5,2,7,4,7,4,1.76
5,2,8,8,6,7,2.132
5,2,9,6,5,9,3.366
5,2,10,3,6,6,4.706
5,2,11,2,8,4,4.505
5,2,12,4,6,7,1.496
5,2,13,2,1,6,9.386
5,2,14,5,2,4,20.181
5,2,15,3,7,7,3.07
5,2,16,7,3,7,1.401
5,2,17,2,4,9,1.65
5,2,18,4,8,6,1.447
5,2,19,4,2,8,1.276
5,2,20,3,5,8,1.117
5,2,21,2,5,5,2.539
5,2,22,1,6,4,2.193
5,2,23,1,7,4,1.37
5,2,24,3,8,4,1.946
5,2,25,4,3,7,6.706
5,2,26,5,1,6,14.844
5,2,27,8,7,2,2.226
5,2,28,7,5,8,1.339
5,2,29,4,1,5,1.308
5,2,30,2,6,6,2.695
5,2,31,3,1,7,1.15
5,2,32,5,3,7,1.025
5,2,33,1,8,4,2.894
5,2,34,5,7,8,1.417
5,2,35,3,2,4,2.13
5,2,36,5,8,3,10.106
5,2,37,8,2,4,2.053
5,2,38,6,1,4,1.947
5,2,39,5,4,6,6.42
5,2,40,6,2,6,6.577
5,2,41,7,4,3,21.74
5,2,42,1,2,6,22.899
5,2,43,8,5,2,1.337
5,2,44,3,4,7,2.77
5,2,45,2,7,4,1.243
5,2,46,7,8,1,1.492
5,2,47,6,4,6,1.839
5,2,48,7,2,4,1.946
5,2,49,1,5,5,2.022
5,2,50,2,3,4,4.458
5,2,51,1,3,7,1.525
5,2,52,8,3,2,2.399
5,2,53,6,8,6,1.133
5,2,54,6,3,4,8.808
5,2,55,8,1,4,2.149
5,2,56,7,1,5,2.525
6,1,1,7,2,1,13.204
6,1,2,8,4,2,3.755
6,1,3,4,1,3,2.224
6,1,4,3,7,4,2.023
6,1,5,6,2,3,1.681
6,1,6,1,5,3,2.709
6,1,7,3,1,8,4.797
6,1,8,5,3,7,1.34
6,1,9,5,6,8,1.476
6,1,10,6,3,6,1.381
6,1,11,7,5,8,1.554
6,1,12,7,1,5,2.007
6,1,13,8,6,8,1.899
6,1,14,5,1,5,1.682
6,1,15,2,4,6,1.709
6,1,16,8,5,7,3.129
6,1,17,5,8,7,1.415
6,1,18,7,8,6,1.416
6,1,19,4,3,6,1.916
6,1,20,2,6,4,1.568
6,1,21,6,7,5,1.479
6,1,22,3,2,4,2.135
6,1,23,6,5,7,1.976
6,1,24,7,6,3,3.041
6,1,25,1,7,2,3.068
6,1,26,4,5,2,12.366
6,1,27,8,2,2,1.399
6,1,28,2,7,1,1.558
6,1,29,3,8,4,2.102
6,1,30,6,4,6,5.907
6,1,31,4,6,5,2.131
6,1,32,1,2,4,1.699
6,1,33,3,6,4,2.787
6,1,34,5,7,8,1.398
6,1,35,5,4,2,3.098
6,1,36,1,8,2,1.465
6,1,37,2,1,2,1.911
6,1,38,4,2,8,1.571
6,1,39,1,4,2,4.908
6,1,40,3,4,9,1.772
6,1,41,2,5,2,1.806
6,1,42,7,4,2,1.167
6,1,43,7,3,6,2.417
6,1,44,5,2,1,2.119
6,1,45,4,7,1,0.778
6,1,46,1,3,9,1.445
6,1,47,8,3,1,1.915
6,1,48,8,1,1,0.866
6,1,49,2,8,1,2.18
6,1,50,1,6,6,1.807
6,1,51,6,1,1,1.385
6,1,52,4,8,1,0.976
6,1,53,3,5,9,1.496
6,1,54,2,3,1,1.604
6,1,55,6,8,9,1.134
6,1,56,8,7,7,1.324
6,2,1,2,5,1,2.726
6,2,2,5,7,9,1.307
6,2,3,4,1,7,2.725
6,2,4,4,3,7,1.416
6,2,5,2,3,7,1.542
6,2,6,8,1,1,1.851
6,2,7,4,7,1,1.882
6,2,8,3,8,3,3.181
6,2,9,2,8,1,2.161
6,2,10,6,5,9,1.589
6,2,11,8,5,9,0.694
6,2,12,8,7,9,0.68
6,2,13,7,3,4,2.146
6,2,14,4,5,1,2.18
6,2,15,3,6,5,1.759
6,2,16,5,1,3,1.35
6,2,17,1,6,2,1.013
6,2,18,4,2,8,2.145
6,2,19,8,3,1,1.662
6,2,20,8,6,9,0.93
6,2,21,7,5,9,0.807
6,2,22,4,6,9,1.091
6,2,23,5,8,9,1.896
6,2,24,5,2,1,1.371
6,2,25,7,6,5,2.536
6,2,26,7,8,9,1.339
6,2,27,3,2,1,1.668
6,2,28,6,8,9,0.604
6,2,29,6,2,1,1.148
6,2,30,7,4,2,3.44
6,2,31,3,1,9,0.762
6,2,32,1,8,2,2.01
6,2,33,6,1,2,1.476
6,2,34,2,6,1,1.057
6,2,35,2,1,1,1.241
6,2,36,5,6,8,1.522
6,2,37,2,4,9,1.122
6,2,38,3,4,9,0.762
6,2,39,5,3,9,0.526
6,2,40,1,5,9,0.508
6,2,41,6,3,6,1.355
6,2,42,7,1,1,2.21
6,2,43,4,8,5,1.615
6,2,44,3,7,1,2.446
6,2,45,2,7,1,1.292
6,2,46,1,4,9,1.71
6,2,47,6,4,4,2.722
6,2,48,3,5,9,1.304
6,2,49,7,2,1,1.106
6,2,50,1,7,1,1.511
6,2,51,8,2,1,1.053
6,2,52,1,3,9,0.821
6,2,53,5,4,1,1.464
6,2,54,8,4,1,1.51
6,2,55,1,2,6,1.492
6,2,56,6,7,5,2.007
7,1,1,1,7,4,3.352
7,1,2,5,7,8,2.303
7,1,3,7,3,4,2.542
7,1,4,3,2,3,2.069
7,1,5,6,3,4,3.071
7,1,6,7,4,3,1.01
7,1,7,4,1,5,1.743
7,1,8,3,5,6,1.758
7,1,9,5,6,4,1.605
7,1,10,3,8,3,0.884
7,1,11,2,1,3,2.073
7,1,12,6,2,2,1.418
7,1,13,7,2,1,1.165
7,1,14,1,5,5,2.398
7,1,15,5,1,5,1.105
7,1,16,5,4,4,1.93
7,1,17,1,2,3,1.526
7,1,18,1,8,3,1.228
7,1,19,5,8,8,2.214
7,1,20,2,6,3,2.774
7,1,21,8,3,3,2.853
7,1,22,1,4,7,1.76
7,1,23,3,4,7,0.931
7,1,24,7,8,5,6.393
7,1,25,8,2,4,1.634
7,1,26,7,1,3,1.616
7,1,27,3,6,4,1.181
7,1,28,8,6,7,1.336
7,1,29,7,6,7,1.632
7,1,30,4,8,4,2.711
7,1,31,2,5,3,1.105
7,1,32,4,2,8,1.509
7,1,33,2,4,7,0.931
7,1,34,6,7,5,2.617
7,1,35,8,1,3,1.491
7,1,36,3,1,9,2.289
7,1,37,8,7,4,1.4
7,1,38,5,2,3,1.137
7,1,39,2,3,3,1.353
7,1,40,6,5,6,1.65
7,1,41,2,8,3,1.199
7,1,42,4,6,6,1.604
7,1,43,6,8,9,2.802
7,1,44,3,7,5,2.052
7,1,45,2,7,3,1.104
7,1,46,4,7,3,1.276
7,1,47,4,5,6,1.414
7,1,48,7,5,7,1.836
7,1,49,5,3,6,1.398
7,1,50,8,4,3,1.355
7,1,51,1,6,4,1.324
7,1,52,8,5,7,1.541
7,1,53,6,4,3,1.325
7,1,54,6,1,3,2.304
7,1,55,4,3,8,2.443
7,1,56,1,3,8,0.637
7,2,1,7,2,2,1.731
7,2,2,4,5,4,1.899
7,2,3,4,7,3,1.338
7,2,4,3,2,6,1.382
7,2,5,5,4,5,2.241
7,2,6,1,8,4,1.744
7,2,7,8,1,4,5.113
7,2,8,7,5,8,1.228
7,2,9,4,3,7,1.055
7,2,10,8,2,4,1.076
7,2,11,5,3,8,1.213
7,2,12,5,8,7,1.914
7,2,13,6,8,9,1.119
7,2,14,2,5,4,1.73
7,2,15,8,3,4,1.726
7,2,16,8,4,3,1.681
7,2,17,3,4,7,1.728
7,2,18,4,2,8,1.244
7,2,19,2,4,8,0.995
7,2,20,8,6,9,0.794
7,2,21,6,2,6,1.932
7,2,22,6,5,8,1.429
7,2,23,4,6,4,1.604
7,2,24,2,6,3,1.039
7,2,25,3,7,6,1.415
7,2,26,4,8,4,1.134
7,2,27,2,3,5,1.542
7,2,28,7,1,3,1.852
7,2,29,3,5,7,1.353
7,2,30,5,7,8,1.04
7,2,31,3,1,8,2.07
7,2,32,1,2,4,1.788
7,2,33,7,6,4,1.352
7,2,34,5,1,6,1.15
7,2,35,8,7,6,4.004
7,2,36,6,1,4,1.122
7,2,37,5,2,3,1.07
7,2,38,6,7,5,2.664
7,2,39,1,7,4,1.134
7,2,40,7,8,6,1.742
7,2,41,6,4,6,1.211
7,2,42,7,3,3,1.508
7,2,43,8,5,6,1.148
7,2,44,1,4,4,1.571
7,2,45,1,3,4,1.009
7,2,46,6,3,4,1.555
7,2,47,4,1,5,1.476
7,2,48,2,1,3,1.258
7,2,49,3,6,5,1.072
7,2,50,3,8,3,1.105
7,2,51,2,7,3,0.885
7,2,52,7,4,2,3.756
7,2,53,1,5,6,1.321
7,2,54,5,6,4,2.521
7,2,55,2,8,3,1.212
7,2,56,1,6,3,1.351
8,1,1,8,2,2,5.458
8,1,2,5,7,7,2.021
8,1,3,4,8,3,2.722
8,1,4,1,6,4,1.77
8,1,5,1,8,4,1.588
8,1,6,3,7,6,1.351
8,1,7,2,4,8,1.587
8,1,8,6,2,5,1.26
8,1,9,4,2,8,2.041
8,1,10,5,3,7,1.26
8,1,11,7,4,4,1.957
8,1,12,2,8,2,2.772
8,1,13,1,5,4,2.598
8,1,14,4,5,5,1.18
8,1,15,3,1,8,1.714
8,1,16,8,7,6,1.278
8,1,17,2,1,4,1.446
8,1,18,5,1,6,1.324
8,1,19,1,4,6,3.601
8,1,20,3,4,7,0.976
8,1,21,2,7,3,1.055
8,1,22,7,6,4,1.59
8,1,23,6,1,5,1.137
8,1,24,1,7,3,1.536
8,1,25,2,3,3,1.554
8,1,26,4,7,4,1.506
8,1,27,5,8,5,1.588
8,1,28,6,7,5,1.526
8,1,29,7,1,2,2.601
8,1,30,2,6,3,1.241
8,1,31,3,6,4,1.197
8,1,32,3,8,4,0.715
8,1,33,8,6,6,1.569
8,1,34,8,1,2,1.572
8,1,35,7,8,3,2.975
8,1,36,3,2,4,2.491
8,1,37,4,1,5,2.24
8,1,38,1,2,3,1.43
8,1,39,6,4,5,1.349
8,1,40,7,5,7,1.729
8,1,41,5,6,6,1.333
8,1,42,4,3,4,2.055
8,1,43,1,3,8,2.024
8,1,44,5,2,4,1.448
8,1,45,5,4,5,1.412
8,1,46,6,5,4,1.271
8,1,47,7,2,2,1.679
8,1,48,6,3,4,1.74
8,1,49,8,5,5,2.337
8,1,50,2,5,2,1.618
8,1,51,8,3,3,2.441
8,1,52,7,3,4,1.804
8,1,53,6,8,5,1.79
8,1,54,8,4,3,1.383
8,1,55,3,5,4,2.348
8,1,56,4,6,5,1.805
8,2,1,3,6,3,2.342
8,2,2,6,2,4,1.212
8,2,3,4,6,4,1.366
8,2,4,7,2,1,1.98
8,2,5,3,4,5,1.412
8,2,6,2,8,3,0.912
8,2,7,1,2,2,1.262
8,2,8,1,3,9,1.662
8,2,9,8,4,4,1.463
8,2,10,2,5,3,0.851
8,2,11,1,8,4,1.246
8,2,12,4,3,3,0.961
8,2,13,7,8,2,1.414
8,2,14,5,8,5,2.04
8,2,15,5,7,5,1.584
8,2,16,6,8,8,3.113
8,2,17,2,6,2,1.18
8,2,18,7,5,8,2.398
8,2,19,5,1,5,1.291
8,2,20,3,7,3,2.242
8,2,21,6,1,3,1.79
8,2,22,8,6,9,1.525
8,2,23,7,6,9,1.042
8,2,24,1,5,2,1.933
8,2,25,5,4,3,1.77
8,2,26,2,1,1,1.88
8,2,27,3,2,1,1.662
8,2,28,2,3,1,0.82
8,2,29,3,1,9,1.415
8,2,30,7,1,3,2.957
8,2,31,5,6,7,1.713
8,2,32,6,5,7,1.868
8,2,33,4,5,4,1.583
8,2,34,4,8,3,1.771
8,2,35,8,3,3,1.104
8,2,36,7,4,3,1.117
8,2,37,4,1,4,1.54
8,2,38,2,7,1,1.199
8,2,39,1,7,3,1.743
8,2,40,8,2,4,1.383
8,2,41,4,7,1,2.474
8,2,42,6,4,5,1.821
8,2,43,2,4,8,2.525
8,2,44,8,7,7,1.868
8,2,45,1,6,2,2.866
8,2,46,6,3,4,1.958
8,2,47,6,7,5,3.721
8,2,48,8,5,4,1.496
8,2,49,1,4,1,1.304
8,2,50,3,8,2,1.321
8,2,51,7,3,1,1.808
8,2,52,5,2,2,1.678
8,2,53,5,3,4,2.256
8,2,54,3,5,3,1.947
8,2,55,8,1,1,1.851
8,2,56,4,2,9,3.44
9,1,1,2,4,6,4.13
9,1,2,3,2,7,1.13
9,1,3,3,8,7,1.678
9,1,4,2,5,3,1.738
9,1,5,7,1,2,1.46
9,1,6,8,5,1,1.569
9,1,7,1,3,8,1.787
9,1,8,5,6,6,0.994
9,1,9,3,7,7,3.071
9,1,10,5,1,6,1.06
9,1,11,2,6,5,1.929
9,1,12,7,5,7,2.214
9,1,13,6,1,4,3.413
9,1,14,1,5,4,1.133
9,1,15,6,7,5,1.338
9,1,16,6,3,6,4.861
9,1,17,3,4,7,1.586
9,1,18,4,6,6,2.084
9,1,19,1,2,6,1.481
9,1,20,4,3,3,2.021
9,1,21,6,4,4,1.912
9,1,22,5,3,7,2.289
9,1,23,4,7,2,1.821
9,1,24,3,5,3,1.132
9,1,25,7,6,4,2.243
9,1,26,4,5,6,3.742
9,1,27,6,2,3,3.069
9,1,28,2,1,2,1.075
9,1,29,6,5,7,4.286
9,1,30,1,8,4,1.867
9,1,31,7,4,2,3.565
9,1,32,2,3,2,1.43
9,1,33,8,1,7,1.165
9,1,34,7,2,1,3.69
9,1,35,5,7,8,1.713
9,1,36,3,6,6,1.634
9,1,37,4,1,3,1.558
9,1,38,3,1,7,1.495
9,1,39,5,2,3,1.21
9,1,40,8,3,3,2.254
9,1,41,8,6,9,4.005
9,1,42,1,6,7,1.149
9,1,43,2,8,2,1.649
9,1,44,1,4,3,1.489
9,1,45,5,8,7,1.355
9,1,46,6,8,9,1.307
9,1,47,8,4,2,2.035
9,1,48,7,8,7,3.538
9,1,49,7,3,3,1.134
9,1,50,1,7,7,1.605
9,1,51,2,7,3,1.713
9,1,52,4,8,3,4.068
9,1,53,8,7,7,1.073
9,1,54,5,4,3,2.136
9,1,55,8,2,2,5.393
9,1,56,4,2,7,1.351
9,2,1,1,7,6,2.527
9,2,2,2,6,6,1.386
9,2,3,4,2,8,1.512
9,2,4,3,5,7,1.836
9,2,5,7,1,6,1.882
9,2,6,8,7,5,2.131
9,2,7,7,4,6,1.199
9,2,8,8,1,6,1.334
9,2,9,6,1,3,2.228
9,2,10,3,2,6,1.287
9,2,11,2,4,8,1.821
9,2,12,8,5,4,2.491
9,2,13,6,8,6,5.223
9,2,14,3,7,7,2.884
9,2,15,5,1,4,1.245
9,2,16,5,7,7,1.117
9,2,17,6,7,7,1.864
9,2,18,4,7,3,2.321
9,2,19,2,1,7,1.309
9,2,20,1,5,4,3.212
9,2,21,6,3,4,1.694
9,2,22,5,6,3,2.181
9,2,23,1,4,3,2.082
9,2,24,6,5,2,1.413
9,2,25,6,2,3,1.882
9,2,26,1,3,8,1.681
9,2,27,4,8,6,0.838
9,2,28,3,4,7,1.478
9,2,29,1,6,4,3.025
9,2,30,2,7,1,1.994
9,2,31,3,8,1,1.401
9,2,32,6,4,3,1.46
9,2,33,1,2,7,1.022
9,2,34,5,8,7,3.112
9,2,35,5,2,2,1.963
9,2,36,7,5,9,1.418
9,2,37,7,2,2,1.512
9,2,38,7,6,3,1.478
9,2,39,8,3,4,1.182
9,2,40,1,8,4,1.059
9,2,41,2,5,3,1.304
9,2,42,7,3,7,1.522
9,2,43,4,5,3,1.646
9,2,44,3,1,9,1.539
9,2,45,7,8,2,1.056
9,2,46,4,6,1,1.699
9,2,47,8,4,1,1.229
9,2,48,4,3,7,2.008
9,2,49,4,1,6,0.899
9,2,50,3,6,3,0.898
9,2,51,8,6,6,1.256
9,2,52,2,8,3,2.77
9,2,53,5,4,3,1.213
9,2,54,2,3,8,3.41
9,2,55,5,3,7,1.18
9,2,56,8,2,3,1.323
